"CAN","CA02","Abbotsford","YXX","Abbotsford"
"CAN","CA06","Aklavik","LAK","Aklavik"
"CAN",,"Akulivik","AKV","Akulivik Airport"
"CAN","CA13","Alert","YLT","Alert"
"CAN","CA10","Alma","YTF","Alma Airport"
"CAN","CA02","Anahim Lake","YAA","Anahim Lake Airport"
"CAN","CA13","Arctic Bay","YAB","Arctic Bay Airport"
"CAN","CA08","Armstrong","YYW","Armstrong"
"CAN","CA13","Eskimo Point","YEK","Arviat"
"CAN","CA08","Atikokan","YIB","Atikokan Muni"
"CAN","CA08","Attawapiskat","YAT","Attawapiskat Airport"
"CAN","CA10","Aupaluk","YPJ","Aupaluk Airport"
"CAN","CA10","Bagotville","YBG","Bagotville"
"CAN","CA10","Baie Comeau","YBC","Baie Comeau"
"CAN","CA13","Baker Lake","YBK","Baker Lake"
"CAN","CA04","Bathurst","ZBF","Bathurst Airport"
"CAN","CA08","Bearskin Lake","XBE","Bearskin Lake Airport"
"CAN",,"Bedwell Harbour",,"Bedwell Harbour Water Aerdrome"
"CAN","CA02","Bella Bella","ZEL","Bella Bella Airport"
"CAN","CA02","Bella Coola","QBC","Bella Coola Airport"
"CAN","CA03","Berens River","YBV","Berens River"
"CAN",,"Big Bay","YRR","Big Bay Water Aerodrome"
"CAN","CA08","Big Trout Lake","YTL","Big Trout Lake Airport"
"CAN","CA05","Black Tickle","YBI","Black Tickle Airport"
"CAN","CA10","Bonaventure","YVB","Bonaventure Airport"
"CAN","CA01","Bonnyville","YBY","Bonnyville Airport"
"CAN","CA02","Boundary Bay","YDT","Boundary Bay Airport"
"CAN","CA08","Brampton",,"Brampton Airport"
"CAN","CA03","Brandon","YBR","Brandon Muni"
"CAN","CA08","Brantford","YFD","Brantford"
"CAN","CA03","Brochet","YBT","Brochet Airport"
"CAN",,"Brockville",,"Brockville Megabus Stop"
"CAN",,"Brockville",,"Brockville VIA Station"
"CAN","CA11","Buffalo Narrows","YVT","Buffalo Narrows"
"CAN","CA08","Burlington",,"Burlington Airpark"
"CAN","CA12","Burwash","YDB","Burwash"
"CAN","CA08","Toronto","YKZ","Buttonville Muni"
"CAN","CA01","Calgary","YYC","Calgary Intl"
"CAN","CA01","Calgary","YBW","Calgary Springbank Airport"
"CAN","CA13","Cambridge Bay","YCB","Cambridge Bay"
"CAN","CA02","Campbell River","YBL","Campbell River"
"CAN","CA02","Cranbrook","YXC","Canadian Rockies Intl"
"CAN",,"Cape Dorset","YTE","Cape Dorset"
"CAN","CA12","Carcross YT",,"Carcross"
"CAN","CA05","Cartwright","YRF","Cartwright Airport"
"CAN","CA02","Castlegar","YCG","Castlegar"
"CAN","CA08","Cat Lake","YAC","Cat Lake Airport"
"CAN",,"Montreal","YMY","Central Railway Station"
"CAN","CA10","Chibougamau","YMT","Chapais Airport"
"CAN","CA08","Chapleau","YLD","Chapleau"
"CAN","CA04","Charlo","YCL","Charlo"
"CAN","CA09","Charlottetown","YYG","Charlottetown"
"CAN","CA13","Chesterfield Inlet","YCS","Chesterfield Inlet Airport"
"CAN","CA10","Chevery","YHR","Chevery Airport"
"CAN","CA02","Chilliwack","YCW","Chilliwack"
"CAN","CA10","Chisasibi","YKU","Chisasibi Airport"
"CAN","CA08","Sarnia","YZR","Chris Hadfield"
"CAN","CA03","Churchill","YYQ","Churchill"
"CAN","CA05","Churchill Falls","ZUM","Churchill Falls Airport"
"CAN","CA08","Toronto","YTZ","City Centre"
"CAN","CA13","Clyde River","YCY","Clyde River"
"CAN","CA01","Cold Lake","YOD","Cold Lake"
"CAN","CA08","Collingwood",,"Collingwood"
"CAN","CA06","Colville Lake","YCK","Colville Lake Airport"
"CAN",,"Comox","YQQ","Comox"
"CAN",,"Cornwall","YCC","Cornwall Regional Airport"
"CAN","CA01","Coronation","YCT","Coronation"
"CAN","CA03","Cross Lake","YCR","Cross Lake - Charlie Sinclair Memorial Airport"
"CAN","CA03","Dauphin","YDN","Dauphin Barker"
"CAN","CA12","Dawson","YDA","Dawson City"
"CAN","CA02","Dawson Creek","YDQ","Dawson Creek"
"CAN","CA02","Dease Lake","YDL","Dease Lake"
"CAN","CA05","Deer Lake","YDF","Deer Lake"
"CAN","CA08","Deer Lake","YVZ","Deer Lake Airport"
"CAN","CA06","Deline","YWJ","Deline"
"CAN","CA10","Dorval","XAX","Dorval Railway Station"
"CAN","CA08","Toronto","YZD","Downsview"
"CAN","CA08","Dryden","YHD","Dryden Rgnl"
"CAN",,"Eastmain River","ZEM","Eastmain River Airport"
"CAN","CA01","Edmonton","YXD","Edmonton City Centre"
"CAN","CA01","Edmonton","YEG","Edmonton Intl"
"CAN","CA01","Edson","YET","Edson"
"CAN","CA06","Ekati","YOA","Ekati"
"CAN","CA11","Estevan","YEN","Estevan"
"CAN",,"Eureka","YEU","Eureka"
"CAN","CA13","Coral Harbour","YZS","Fairmont Hot Springs"
"CAN","CA12","Faro","ZFA","Faro"
"CAN","CA01","Wainwright",,"Field 21"
"CAN","CA01","Wainwright",,"Field 21"
"CAN","CA03","Flin Flon","YFO","Flin Flon"
"CAN","CA11","Fond-Du-Lac","ZFD","Fond-Du-Lac Airport"
"CAN","CA10","Forestville",,"Forestville"
"CAN",,"Fort Albany","YFA","Fort Albany Airport"
"CAN","CA01","Fort Chipewyan","YPY","Fort Chipewyan"
"CAN","CA08","Fort Frances","YAG","Fort Frances Municipal Airport"
"CAN","CA06","Fort Good Hope","YGH","Fort Good Hope"
"CAN","CA08","Fort Hope","YFH","Fort Hope Airport"
"CAN","CA01","Fort Mcmurray","YMM","Fort Mcmurray"
"CAN","CA06","Fort Mcpherson","ZFM","Fort Mcpherson"
"CAN","CA02","Fort Nelson","YYE","Fort Nelson"
"CAN","CA06","Fort Resolution","YFR","Fort Resolution"
"CAN","CA08","Fort Severn","YER","Fort Severn Airport"
"CAN","CA06","Fort Simpson","YFS","Fort Simpson"
"CAN","CA06","Fort Smith","YSM","Fort Smith"
"CAN","CA02","Fort Saint John","YXJ","Fort St John"
"CAN","CA02","Fort St. James","YJM","Fort St. James - Perison Airport"
"CAN","CA07","Fox Harbour",,"Fox Harbour Airport"
"CAN","CA02","Fraser BC",,"Fraser Railroad Station"
"CAN","CA04","Fredericton","YFC","Fredericton"
"CAN","CA05","Gander","YQX","Gander Intl"
"CAN","CA02","Ganges",,"Ganges Water Aerodrome"
"CAN","CA10","Gaspe","YGP","Gaspe"
"CAN","CA10","Gatineau","YND","Gatineau"
"CAN","CA08","Geraldton","YGQ","Geraldton Greenstone Regional"
"CAN","CA03","Gillam","YGX","Gillam Airport"
"CAN",,"Gjoa Haven","YHK","Gjoa Haven"
"CAN","CA03","Gods Lake Narrows","YGO","Gods Lake Narrows Airport"
"CAN","CA03","Gods River","ZGI","Gods River Airport"
"CAN","CA02","Golden","YGE","Golden Airport"
"CAN","CA05","Goose Bay","YYR","Goose Bay"
"CAN",,"Gore Bay","YZE","Gore Bay Manitoulin"
"CAN","CA01","Grande Prairie","YQU","Grande Prairie"
"CAN","CA04","Moncton","YQM","Greater Moncton Intl"
"CAN","CA07","Greenwood","YZX","Greenwood"
"CAN","CA13","Grise Fiord","YGZ","Grise Fiord Airport"
"CAN","CA07","Halifax","YHZ","Halifax Intl"
"CAN","CA13","Hall Beach","YUX","Hall Beach"
"CAN","CA08","Hamilton","YHM","Hamilton"
"CAN","CA10","Havre-Saint-Pierre","YGV","Havre Saint-Pierre Airport"
"CAN","CA06","Hay River","YHY","Hay River"
"CAN","CA01","High Level","YOJ","High Level"
"CAN","CA13","Hope Bay",,"Hope Bay Aerodrome"
"CAN","CA05","Hopedale","YHO","Hopedale Airport"
"CAN","CA08","Hornepayne","YHN","Hornepayne"
"CAN","CA11","Hudson Bay","YHB","Hudson Bay"
"CAN",,"Igloolik","YGT","Igloolik Airport"
"CAN",,"Iles De La Madeleine","YGR","Iles De La Madeleine"
"CAN","CA03","Ilford","ILF","Ilford Airport"
"CAN","CA06","Inuvik",,"INAWR"
"CAN","CA10","Inukjuak","YPH","Inukjuak Airport"
"CAN","CA06","Inuvik","YEV","Inuvik Mike Zubko"
"CAN","CA06","Inuvik",,"Inuvik Town"
"CAN","CA13","Iqaluit","YFB","Iqaluit"
"CAN","CA03","Island Lake","YIV","Island Lake Airport"
"CAN","CA10","Ivujivik","YIK","Ivujivik Airport"
"CAN","CA02","Kamloops","YKA","Kamloops"
"CAN",,"Kangiqsualujjuaq","XGR","Kangiqsualujjuaq (Georges River) Airport"
"CAN","CA10","Kangiqsujuaq","YWB","Kangiqsujuaq - Wakeham Bay Airport"
"CAN",,"Kangirsuk","YKG","Kangirsuk Airport"
"CAN","CA08","Kapuskasing","YYU","Kapuskasing"
"CAN","CA08","Kasabonika","XKS","Kasabonika Airport"
"CAN",,"Kashechewan","ZKE","Kashechewan Airport"
"CAN","CA08","Keewaywin","KEW","Keewaywin"
"CAN","CA10","Kegaska","ZKG","Kegaska Airport"
"CAN","CA02","Kelowna","YLW","Kelowna"
"CAN","CA08","Kenora","YQK","Kenora"
"CAN","CA13","Kimmirut","YLC","Kimmirut Airport"
"CAN","CA11","Kindersley","YKY","Kindersley"
"CAN","CA08","Kingfisher Lake","KIF","Kingfisher Lake Airport"
"CAN","CA07","Waterville",,"Kings County Municipal Airport"
"CAN","CA08","Kingston","YGK","Kingston"
"CAN","CA08","Kingston","XEG","Kingston Train Station"
"CAN","CA08","Kingston",,"Kingston VIA Station"
"CAN","CA08","Kirkland Lake","YKX","Kirkland Lake"
"CAN","CA13","Pelly Bay","YBB","Kugaaruk"
"CAN",,"Coppermine","YCO","Kugluktuk"
"CAN","CA10","Quujjuaq","YVP","Kuujjuaq"
"CAN","CA10","Kuujjuarapik","YGW","Kuujjuarapik Airport"
"CAN","CA10","La Grande Riviere","YGL","La Grande Riviere"
"CAN","CA10","La Romaine",,"La Romaine Airport"
"CAN","CA11","La Ronge","YVC","La Ronge"
"CAN","CA10","La Tabati�re","ZLT","La Tabati�re Airport"
"CAN","CA03","Lac Brochet","XLB","Lac Brochet Airport"
"CAN","CA03","Lac Du Bonnet",,"Lac Du Bonnet Airport"
"CAN","CA02","Langley Township",,"Langley Regional Airport"
"CAN","CA08","Lansdowne House","YLH","Lansdowne House Airport"
"CAN","CA08","Toronto","YYZ","Lester B Pearson Intl"
"CAN","CA01","Lethbridge","YQL","Lethbridge"
"CAN","CA03","Little Grand Rapids","ZGR","Little Grand Rapids Airport"
"CAN","CA01","Lloydminster","YLL","Lloydminster"
"CAN","CA08","London","YXU","London"
"CAN","CA10","Lourdes-De-Blanc-Sablon","YBX","Lourdes De Blanc Sablon Airport"
"CAN","CA06","Lutselk'e","YSG","Lutselk'e Airport"
"CAN","CA03","Lynn Lake","YYL","Lynn Lake"
"CAN","CA02","Mackenzie British Columbia","YZY","Mackenzie Airport"
"CAN",,"Makkovik","YMN","Makkovik Airport"
"CAN","CA08","Manitowaning","YEM","Manitoulin East"
"CAN","CA08","Manitouwadge","YMG","Manitouwadge"
"CAN","CA10","Maniwaki","YMW","Maniwaki"
"CAN","CA08","Marathon","YSP","Marathon"
"CAN","CA05","Mary's Harbour","YMH","Mary's Harbour Airport"
"CAN",,"Masset","ZMT","Masset Airport"
"CAN","CA10","Matagami","YNM","Matagami"
"CAN","CA12","Mayo","YMA","Mayo"
"CAN","CA11","Meadow Lake","YLJ","Meadow Lake"
"CAN","CA01","Medicine Hat","YXH","Medicine Hat"
"CAN","CA04","Chatham","YCH","Miramichi"
"CAN","CA10","Mont Joli","YYY","Mont Joli"
"CAN","CA10","Montreal",,"Montreal Central Bus Station"
"CAN","CA10","Montreal","YMX","Montreal Intl Mirabel"
"CAN","CA11","Moose Jaw","YMJ","Moose Jaw Air Vice Marshal C M Mcewen"
"CAN","CA08","Moosonee","YMO","Moosonee"
"CAN","CA08","Muskoka","YQA","Muskoka"
"CAN","CA08","Muskrat Dam","MSA","Muskrat Dam Airport"
"CAN","CA05","Nain","YDP","Nain Airport"
"CAN","CA08","Nakina","YQN","Nakina Airport"
"CAN","CA02","Nanaimo","YCD","Nanaimo"
"CAN","CA02","Nanaimo","ZNA","Nanaimo Harbour Water Airport"
"CAN","CA02","Nanaimo Station British Columb",,"Nanaimo Train Station"
"CAN","CA13","Nanisivik","YSR","Nanisivik"
"CAN","CA10","Natashquan","YNA","Natashquan"
"CAN","CA05","Natuashish",,"Natuashish Airport"
"CAN","CA10","Nemiscau","YNS","Nemiscau Airport"
"CAN","CA08","Niagara Falls",,"Niagara Falls Station"
"CAN",,"Nicholson Peninsula",,"Nicholson Peninsula"
"CAN","CA06","Norman Wells","YVQ","Norman Wells"
"CAN","CA11","North Battleford","YQW","North Battleford"
"CAN","CA08","North Bay","YYB","North Bay"
"CAN","CA08","North Spirit Lake","YNO","North Spirit Lake Airport"
"CAN","CA03","Norway House","YNE","Norway House Airport"
"CAN","CA08","Ogoki Post","YOG","Ogoki Post Airport"
"CAN","CA12","Old Crow","YOC","Old Crow"
"CAN","CA02","One Hundred Mile House",,"One Hundred Mile House Airport"
"CAN","CA08","Oshawa","YOO","Oshawa Airport"
"CAN","CA08","Ottawa","YOW","Ottawa Macdonald Cartier Intl"
"CAN","CA03","Oxford House","YOH","Oxford House Airport"
"CAN","CA02","Vancouver",,"Pacific Station"
"CAN",,"Pangnirtung","YXP","Pangnirtung"
"CAN","CA06","Paulatuk","YPC","Paulatuk"
"CAN","CA01","Peace River","YPE","Peace River"
"CAN","CA08","Peawanuck","YPO","Peawanuck Airport"
"CAN","CA08","Pembroke","YTA","Pembroke Airport"
"CAN","CA02","Penticton","YYF","Penticton"
"CAN","CA08","Petawawa","YWA","Petawawa"
"CAN","CA08","Peterborough","YPQ","Peterborough"
"CAN","CA08","Pickle Lake","YPL","Pickle Lake"
"CAN","CA10","Montreal","YUL","Pierre Elliott Trudeau Intl"
"CAN","CA08","Pikangikum","YPM","Pikangikum Airport"
"CAN","CA02","Pitt Meadows",,"Pitt Meadows"
"CAN","CA11","Points North Landing","YNL","Points North Landing Airport"
"CAN","CA13","Pond Inlet","YIO","Pond Inlet"
"CAN","CA08","Poplar Hill","YHP","Poplar Hill Airport"
"CAN","CA02","Port Hardy","YZT","Port Hardy"
"CAN","CA05","Port Hope Simpson","YHA","Port Hope Simpson Airport"
"CAN","CA10","Port Menier","YPN","Port Menier"
"CAN",,"Postville","YSO","Postville Airport"
"CAN","CA02","Powell River","YPW","Powell River Airport"
"CAN","CA11","Prince Albert","YPA","Prince Albert Glass Field"
"CAN","CA02","Prince George","YXS","Prince George"
"CAN",,"Prince Pupert","YPR","Prince Rupert"
"CAN","CA02","Princeton","YDC","Princeton"
"CAN","CA10","Puvirnituq","YPX","Puvirnituq Airport"
"CAN","CA13","Broughton Island","YVM","Qikiqtarjuaq"
"CAN","CA02","Qualicum Beach","XQU","Qualicum Beach Airport"
"CAN","CA10","Quaqtaq","YQC","Quaqtaq Airport"
"CAN","CA10","Quebec","YQB","Quebec Jean Lesage Intl"
"CAN","CA02","Quesnel","YQZ","Quesnel"
"CAN","CA06","Gam�t�","YRA","Rae Lakes Airport"
"CAN","CA01","Rainbow Lake","YOP","Rainbow Lake Airport"
"CAN",,"Rankin Inlet","YRT","Rankin Inlet"
"CAN","CA01","Red Deer Industrial","YQF","Red Deer Regional"
"CAN","CA08","Red Lake","YRL","Red Lake Airport"
"CAN","CA03","Red Sucker Lake","YRS","Red Sucker Lake Airport"
"CAN","CA11","Regina","YQR","Regina Intl"
"CAN","CA08","Hearst","YHF","Rene Fontaine"
"CAN",,"Repulse Bay","YUT","Repulse Bay"
"CAN","CA13","Resolute","YRB","Resolute Bay"
"CAN","CA02","Revelstoke","YRV","Revelstoke Airport"
"CAN",,"Rigolet","YRG","Rigolet Airport"
"CAN","CA10","Rimouski","YXK","Rimouski Airport"
"CAN","CA10","Riviere Du Loup","YRI","Riviere Du Loup"
"CAN","CA10","Mont-Tremblant","YTM","Riviere Rouge - Mont-Tremblant International Inc. "
"CAN","CA02","Panorama",,"RK Heliplex"
"CAN","CA10","Roberval","YRJ","Roberval"
"CAN","CA01","Rocky Mountain House","YRM","Rocky Mountain House"
"CAN","CA08","Round Lake","ZRJ","Round Lake (Weagamow Lake) Airport"
"CAN","CA10","Rouyn","YUY","Rouyn Noranda"
"CAN","CA08","Sachigo Lake","ZPB","Sachigo Lake Airport"
"CAN","CA06","Sachs Harbour","YSY","Sachs Harbour"
"CAN","CA04","St. John","YSJ","Saint John"
"CAN","CA10","Salluit","YZG","Salluit Airport"
"CAN",,"Sandspit","YZP","Sandspit"
"CAN","CA08","Sandy Lake","ZSJ","Sandy Lake Airport"
"CAN","CA13","Sanikiluaq","YSK","Sanikiluaq Airport"
"CAN","CA11","Saskatoon","YXE","Saskatoon J G Diefenbaker Intl"
"CAN",,"Sault Sainte Marie","YAM","Sault Ste Marie"
"CAN","CA10","Schefferville","YKL","Schefferville"
"CAN","CA02","Prince Rupert","ZSW","Seal Cove Seaplane Base"
"CAN","CA02","Port Simpson","YPI","Seaplane Base"
"CAN","CA02","Sechelt-Gibsons","YHS","Sechelt Aerodrome"
"CAN","CA10","Sept-iles","YZV","Sept Iles"
"CAN","CA03","Shamattawa","ZTM","Shamattawa Airport"
"CAN","CA07","Halifax","YAW","Shearwater"
"CAN","CA10","Sherbrooke","YSC","Sherbrooke"
"CAN","CA08","Sioux Lookout","YXL","Sioux Lookout"
"CAN","CA08","Slate Falls",,"Slate Falls"
"CAN","CA01","Slave Lake","YZH","Slave Lake"
"CAN","CA02","Smithers","YYD","Smithers"
"CAN","CA02","108 Mile Ranch","ZML","South Cariboo Regional Airport"
"CAN","CA03","South Indian Lake","XSI","South Indian Lake Airport"
"CAN","CA03","Portage-la-prairie","YPG","Southport"
"CAN","CA05","St. Anthony","YAY","St Anthony"
"CAN","CA10","St-Augustin","YIF","St Augustin Airport"
"CAN","CA10","Montreal","YHU","St Hubert"
"CAN","CA10","St. Jean","YJN","St Jean"
"CAN","CA05","St. John's","YYT","St Johns Intl"
"CAN",,"St. Lewis","YFX","St. Lewis (Fox Harbour) Airport"
"CAN","CA03","St. Theresa Point","YST","St. Theresa Point Airport"
"CAN","CA05","Stephenville","YJT","Stephenville"
"CAN","CA11","Stony Rapids","YSF","Stony Rapids Airport"
"CAN","CA08","Sudbury","YSB","Sudbury"
"CAN","CA01","Suffield","YSD","Suffield Heliport"
"CAN","CA08","Summer Beaver","SUR","Summer Beaver Airport"
"CAN","CA09","Summerside","YSU","Summerside"
"CAN","CA03","Swan River","ZJN","Swan River Airport"
"CAN","CA11","Swift Current","YYN","Swift Current"
"CAN","CA07","Sydney","YQY","Sydney"
"CAN","CA03","Tadoule Lake","XTL","Tadoule Lake Airport"
"CAN",,"Spence Bay","YYH","Taloyoak"
"CAN","CA10","Tasiujaq","YTQ","Tasiujaq Airport"
"CAN","CA02","Terrace","YXT","Terrace"
"CAN","CA12","Teslin","YZW","Teslin"
"CAN","CA10","T�te-�-la-Baleine","ZTB","T�te-�-la-Baleine Airport"
"CAN","CA02","Texada","YGB","Texada Gillies Bay Airport"
"CAN","CA03","The Pas","YQD","The Pas Airport"
"CAN","CA03","Thompson","YTH","Thompson"
"CAN","CA08","Thunder Bay","YQT","Thunder Bay"
"CAN","CA08","Earlton","YXR","Timiskaming Rgnl"
"CAN","CA08","Timmins","YTS","Timmins"
"CAN","CA02","Tofino","YAZ","Tofino"
"CAN","CA08","Toronto",,"Toronto Coach Terminal"
"CAN","CA02","Trail","YZZ","Trail Airport"
"CAN","CA01","Edmonton","XZL","Train Station"
"CAN","CA03","Winnipeg","XEF","Train Station"
"CAN","CA08","Ottawa","XDS","Train Station"
"CAN","CA08","Belleville","XVV","Train Station"
"CAN",,"Churchill","XAD","Train Station"
"CAN","CA08","Trenton","YTR","Trenton"
"CAN","CA06","Tuktoyaktuk","YUB","Tuktoyaktuk"
"CAN","CA06","Tulita","ZFN","Tulita"
"CAN",,"Holman Island","YHI","Ulukhaktok Holman"
"CAN","CA10","Umiujaq","YUD","Umiujaq Airport"
"CAN","CA08","Toronto","YBZ","Union Station"
"CAN","CA11","Uranium City","YBE","Uranium City Airport"
"CAN","CA10","Val D'or","YVO","Val D Or"
"CAN",,"Vancouver","CXH","Vancouver Coal Harbour"
"CAN",,"Vancouver BC",,"Vancouver Cruise Terminal"
"CAN",,,"YHC","Vancouver Harbour Water Airport"
"CAN","CA02","Vancouver","YVR","Vancouver Intl"
"CAN","CA01","Vermillion","YVG","Vermilion"
"CAN","CA02","Patricia Bay",,"Victoria Airport Water Aerodrome"
"CAN","CA02","Victoria",,"Victoria Cruise Pier"
"CAN","CA02","Victoria","YWH","Victoria Inner Harbour Airport"
"CAN","CA02","Victoria","YYJ","Victoria Intl"
"CAN","CA02","Victoria Station British Colum",,"Victoria Rail Station British Columbia"
"CAN","CA05","Wabush","YWK","Wabush"
"CAN","CA08","Angling Lake","YAX","Wapekeka Airport"
"CAN",,"Waskaganish","YKQ","Waskaganish Airport"
"CAN","CA08","Waterloo","YKF","Waterloo"
"CAN","CA12","Watson Lake","YQH","Watson Lake"
"CAN","CA08","Wawa","YXZ","Wawa"
"CAN","CA08","Webequie","YWP","Webequie Airport"
"CAN","CA06","Wekweeti",,"Wekweeti Airport"
"CAN","CA10","Wemindji","YNC","Wemindji Airport"
"CAN","CA13","Whale Cove","YXN","Whale Cove Airport"
"CAN","CA06","What�","YLE","What� Airport"
"CAN","CA02","Whistler","YWS","Whistler/Green Lake Water Aerodrome"
"CAN","CA01","Whitecourt","YZU","Whitecourt"
"CAN","CA12","Whitehorse","YXY","Whitehorse Intl"
"CAN","CA08","Wiarton","YVV","Wiarton"
"CAN",,"Williams Harbour","YWM","Williams Harbour Airport"
"CAN","CA02","Williams Lake","YWL","Williams Lake"
"CAN","CA08","Windsor","YQG","Windsor"
"CAN","CA03","Winnipeg","YWG","Winnipeg Intl"
"CAN","CA03","Winnipeg","YAV","Winnipeg St Andrews"
"CAN","CA11","Wollaston Lake","ZWL","Wollaston Lake Airport"
"CAN","CA06","Wrigley","YWY","Wrigley"
"CAN","CA08","Wunnumin Lake","WNN","Wunnumin Lake Airport"
"CAN","CA07","Yarmouth","YQI","Yarmouth Airport"
"CAN","CA06","Yellowknife","YZF","Yellowknife"
"CAN","CA03","York Landing","ZAC","York Landing Airport"
"CAN","CA11","Yorkton","YQV","Yorkton Muni"
"USA","SD","Aberdeen","ABR","Aberdeen Regional Airport"
"USA","TX","Abilene","ABI","Abilene Rgnl"
"USA","IL","Springfield","SPI","Abraham Lincoln Capital"
"USA","LA","Louisiana","ARA","Acadiana Rgnl"
"USA","AK","Adak Island","ADK","Adak Airport"
"USA","AR","Little Rock","LIT","Adams Fld"
"USA","TX","Addison","ADS","Addison"
"USA","NY","Saranac Lake","SLK","Adirondack Regional Airport"
"USA","AK","Akhiok","AKK","Akhiok Airport"
"USA","AK","Akiak","AKI","Akiak Airport"
"USA","OH","Akron","CAK","Akron Canton Regional Airport"
"USA","OH","Akron",,"Akron Fulton Intl"
"USA",,"Akutan","KQA","Akutan Seaplane Base"
"USA","AK","Alakanuk","AUK","Alakanuk Airport"
"USA","NM","Alamogordo","ALM","Alamogordo White Sands Regional Airport"
"USA","NY","Albany","ALB","Albany Intl"
"USA","NC","Jacksonville NC","OAJ","Albert J Ellis"
"USA","FL","St. Petersburg","SPG","Albert Whitted"
"USA","NM","Albuquerque","ABQ","Albuquerque International Sunport"
"USA","NM","Kirtland A.f.b.","IKR","Albuquerque Intl Sunport"
"USA","AK","Aleknagik","WKK","Aleknagik Airport"
"USA","VA","Alexandria","ALX","Alexandria"
"USA","LA","Alexandria","AEX","Alexandria Intl"
"USA","TX","Alice","ALI","Alice Intl"
"USA",,"Lazy Bay","ALZ","Alitak Seaplane Base"
"USA","AK","Allakaket","AET","Allakaket Airport"
"USA","PA","Pittsburgh","AGC","Allegheny County Airport"
"USA","AK","Delta Junction","BIG","Allen Aaf"
"USA","NE","Alliance","AIA","Alliance Municipal Airport"
"USA","MI","Alpena","APN","Alpena County Regional Airport"
"USA","PA","Altoona","AOO","Altoona Blair Co"
"USA","OK","Altus","LTS","Altus Afb"
"USA","AK","Ambler","ABL","Ambler Airport"
"USA","AK","Amook Bay","AOS","Amook Bay Seaplane Base"
"USA","WA","Anacortes","OTS","Anacortes Airport"
"USA","AK","Anaktuvuk Pass","AKP","Anaktuvuk Pass Airport"
"USA","AK","Anchorage Alaska",,"Anchorage Main Station"
"USA","SC","Andersen","AND","Anderson Rgnl"
"USA","MD","Camp Springs","ADW","Andrews Afb"
"USA","TX","Lufkin","LFK","Angelina Co"
"USA","AK","Angoon","AGN","Angoon Seaplane Base"
"USA","AK","Aniak","ANI","Aniak Airport"
"USA","IA","Ankeny","IKV","Ankeny Regl Airport"
"USA","AK","Annette Island","ANN","Annette Island"
"USA","AL","Anniston","ANB","Anniston Metro"
"USA","AK","Anvik","ANV","Anvik Airport"
"USA","FL","Apalachicola","AAF","Apalachicola Regional Airport"
"USA","WI","Appleton","ATW","Appleton"
"USA","TX","Rockport","RKP","Aransas County Airport"
"USA","CA","Arcata CA","ACV","Arcata"
"USA","AK","Arctic Village","ARC","Arctic Village Airport"
"USA","PA","Ardmore",,"Ardmore Amtrak Station"
"USA","OK","Ardmore","ADM","Ardmore Muni"
"USA","AR","Blytheville","BYH","Arkansas Intl"
"USA","TX","Arlington","GKY","Arlington Municipal"
"USA","PA","Latrobe","LBE","Arnold Palmer Regional Airport"
"USA","FL","Titusville","X21","Arthur Dunn Airpark"
"USA","NC","Asheville","AVL","Asheville Regional Airport"
"USA","CO","Aspen","ASE","Aspen Pitkin County Sardy Field"
"USA","OR","Astoria","AST","Astoria Regional Airport"
"USA","GA","Athens","AHN","Athens Ben Epps Airport"
"USA","AK","Atka","AKB","Atka Airport"
"USA","GA","Atlanta","FFC","Atlanta Regional Airport - Falcon Field"
"USA","NJ","Atlantic City","ACY","Atlantic City Intl"
"USA","AK","Atmautluak",,"Atmautluak Airport"
"USA","AK","Atmautluak",,"Atmautluak Airport"
"USA","AK","Atmautluak","369","Atmautluak Airport"
"USA","AK","Atqasuk","ATK","Atqasuk Edward Burnell Sr Memorial Airport"
"USA","GA","Bush Field","AGS","Augusta Rgnl At Bush Fld"
"USA","ME","Augusta","AUG","Augusta State"
"USA","TX","Austin","AUS","Austin Bergstrom Intl"
"USA","WI","Green Bay","GRB","Austin Straubel Intl"
"USA","CA","Catalina Island","AVX","Avalon"
"USA","CA","Bakersfield",,"Bakersfield Amtrak Station"
"USA","GA","Milledgeville","MLJ","Baldwin County Airport"
"USA","MD","Baltimore",,"Baltimore Penn Station"
"USA","MD","Baltimore","BWI","Baltimore Washington Intl"
"USA","ME","Bangor","BGR","Bangor Intl"
"USA","HI","Barking Sands","BKH","Barking Sands Pmrf"
"USA","KY","PADUCAH","PAH","Barkley Regional Airport"
"USA","LA","Shreveport","BAD","Barksdale Afb"
"USA","MA","Westfield","BAF","Barnes Municipal"
"USA","MA","Barnstable","HYA","Barnstable Muni Boardman Polando Fld"
"USA","GA","Winder","WDR","Barrow County Airport"
"USA",,"Barter Island","BTI","Barter Island Lrrs"
"USA","FL","Bartow","BOW","Bartow Municipal Airport"
"USA","GA","LaFayette","9A5","Barwick Lafayette Airport"
"USA","LA","Baton Rouge","BTR","Baton Rouge Metro Ryan Fld"
"USA","MN","Baudette","BDE","Baudette Intl"
"USA","CA","Marysville","BAB","Beale Afb"
"USA","SC","Beaufort","NBC","Beaufort Mcas"
"USA","LA","Deridder","DRI","Beauregard Rgnl"
"USA","AK","Beaver","WBQ","Beaver Airport"
"USA","WA","Bellingham","BLI","Bellingham Intl"
"USA","MN","Bemidji","BJI","Bemidji Regional Airport"
"USA","OR","Bend",,"Bend Municipal Airport"
"USA","TX","Uvalde",,"Benson Airstrip"
"USA","CA","Palm Springs","UDD","Bermuda Dunes Airport"
"USA","MT","Butte","BTM","Bert Mooney Airport"
"USA","AK","Bethel","BET","Bethel"
"USA","AK","Bettles","BTT","Bettles"
"USA","SC","Beauford","BFT","BFT County Airport"
"USA","CA","Fort Irwin","BYS","Bicycle Lake Aaf"
"USA","CA","Big Bear","L35","Big Bear City"
"USA","AK","Big Mountain","7AK","Big Mountain Afs"
"USA","MT","Big Timber","6S0","Big Timber Airport"
"USA","TX","El Paso","BIF","Biggs Aaf"
"USA","MT","Billings","BIL","Billings Logan International Airport"
"USA","AK","Brich Creek","KBC","Birch Creek Airport"
"USA","AL","Birmingham","BHM","Birmingham Intl"
"USA","AZ","Douglas","DUG","Bisbee Douglas Intl"
"USA","MI","Flint","FNT","Bishop International"
"USA","ND","Bismarck","BIS","Bismarck Municipal Airport"
"USA","SD","Spearfish-South Dakota","SPF","Black Hills Airport-Clyde Ice Field"
"USA","NM","Zuni Pueblo","ZUN","Black Rock"
"USA","WA","Blakely Island","BYW","Blakely Island Airport"
"USA","RI","Block Island","BID","Block Island State Airport"
"USA","KY","Lexington KY","LEX","Blue Grass"
"USA","CA","Blythe","BLH","Blythe Airport"
"USA","AK","Kiana","IAN","Bob Baker Memorial Airport"
"USA","CA","Burbank","BUR","Bob Hope"
"USA","FL","Crestview","CEW","Bob Sikes"
"USA","FL","Boca Raton","BCT","Boca Raton"
"USA","WA","Seattle","BFI","Boeing Fld King Co Intl"
"USA","NH","Nashua","ASH","Boire Field Airport"
"USA","ID","Boise","BOI","Boise Air Terminal"
"USA","AR","Harrison","HRO","Boone Co"
"USA","CA","Borrego Springs","BXS","Borrego Valley Airport"
"USA","MA","Boston",,"Boston South Station"
"USA","AZ","Boulder City","BLD","Boulder City Municipal Airport"
"USA","WA","Hoquiam","HQM","Bowerman Field"
"USA","KY","Bowling Green","BWG","Bowling Green-Warren County Regional Airport"
"USA","KY","Louisville","LOU","Bowman Fld"
"USA","PA","Bradford","BFD","Bradford Regional Airport"
"USA","CT","Windsor Locks","BDL","Bradley Intl"
"USA","HI","Bradshaw Field","BSF","Bradshaw Aaf"
"USA","MN","Brainerd","BRD","Brainerd Lakes Rgnl"
"USA","MO","Branson","BKG","Branson LLC"
"USA","WA","Bremerton","PWT","Bremerton National"
"USA","WA","Bremerton",,"Bremerton Terminal"
"USA","AK","Brevig Mission","KTS","Brevig Mission Airport"
"USA","UT","Brigham City","BMC","Brigham City"
"USA","SD","Brookings","BKX","Brookings Regional Airport"
"USA","OH","Georgetown",,"Brown County Airport"
"USA","CA","San Diego","SDM","Brown Field Municipal Airport"
"USA","TX","Brownsville","BRO","Brownsville South Padre Island Intl"
"USA","GA","Brunswick","BQK","Brunswick Golden Isles Airport"
"USA","AK","Fort Richardson","FRN","Bryant Ahp"
"USA","UT","Bryce Canyon","BCE","Bryce Canyon"
"USA","CA","Concord","CCR","Buchanan Field Airport"
"USA","AZ","Buckeye","BXK","Buckeye Municipal Airport"
"USA","AK","Buckland","BKC","Buckland Airport"
"USA","CO","Buckley","BKF","Buckley Afb"
"USA","NY","Buffalo","BUF","Buffalo Niagara Intl"
"USA","VT","Burlington","BTV","Burlington Intl"
"USA","NC","Burlington","BUY","Burlington-Alamance Regional Airport"
"USA","OR","Burns",,"Burns Municipal Airport"
"USA","CO","Fort Carson","FCS","Butts Aaf"
"USA","CA","Byron",,"Byron Airport"
"USA","GA","Cairo","70J","Cairo-Grady County Airport"
"USA","NJ","Caldwell","CDW","Caldwell Essex County Airport"
"USA","CA","Calexico","CXL","Calexico Intl"
"USA","CA","Camarillo",,"Camarillo Amtrak"
"USA","OH","Cambridge","CDI","Cambridge Municipal Airport"
"USA","TX","Austin TX","ATT","Camp Mabry Austin City"
"USA","KY","Hopkinsville","HOP","Campbell Aaf"
"USA","NM","Clovis","CVS","Cannon Afb"
"USA","UT","Moab","CNY","Canyonlands Field"
"USA","MO","Cape Girardeau","CGI","Cape Girardeau Regional Airport"
"USA",,"Cape Lisburne","LUR","Cape Lisburne Lrrs"
"USA","NJ","Wildwood","WWD","Cape May Co"
"USA","AK","Cape Newenham","EHM","Cape Newenham Lrrs"
"USA","AK","Cape Romanzof","CZF","Cape Romanzof Lrrs"
"USA","MI","Lansing","LAN","Capital City"
"USA","PA","Harrisburg","CXY","Capital City Airport"
"USA","UT","Price","PUC","Carbon County Regional-Buck Davis Field"
"USA","ME","Caribou","CAR","Caribou Muni"
"USA","GA","Cartersville","VPC","Cartersville Airport"
"USA","AZ","Casa Grande","CGZ","Casa Grande Municipal Airport"
"USA","CA","Merced","MER","Castle"
"USA","NM","Carlsbad","CNM","Cavern City Air Terminal"
"USA","FL","Jacksonville","NZC","Cecil Field"
"USA","UT","Cedar City","CDC","Cedar City Rgnl"
"USA","IA","Cedar Rapids","CID","Cedar Rapids"
"USA","CO","Denver","APA","Centennial"
"USA","AK","Central","CEM","Central Airport"
"USA","IL","Bloomington","BMI","Central Illinois Rgnl"
"USA","NE","Grand Island","GRI","Central Nebraska Regional Airport"
"USA","WI","Wassau","CWA","Central Wisconsin"
"USA","AL","Centre","PYP","Centre-Piedmont-Cherokee County Regional Airport"
"USA","NE","Chadron","CDR","Chadron Municipal Airport"
"USA","AK","Chalkyitsik","CIK","Chalkyitsik Airport"
"USA","IL","Champaign","CMI","Champaign"
"USA","AZ","Chandler",,"Chandler Muni"
"USA","CA","Santa Rosa","STS","Charles M Schulz Sonoma Co"
"USA","SC","Charleston","CHS","Charleston Afb Intl"
"USA",,"CHARLESTON",,"CHARLESTON CRUISE TERMINAL"
"USA","MI","Charelvoix","CVX","Charlevoix Municipal Airport"
"USA","FL","Punta Gorda","PGD","Charlotte County-Punta Gorda Airport"
"USA","NC","Charlotte","CLT","Charlotte Douglas Intl"
"USA","VA","Charlottesville VA","CHO","Charlottesville-Albemarle"
"USA","AK","Sitka","CYM","Chatham Seaplane Base"
"USA","NY","Jamestown","JHW","Chautauqua County-Jamestown"
"USA","AK","Chefornak","CYF","Chefornak Airport"
"USA","AK","Chenega","NCN","Chenega Bay Airport"
"USA","GA","Canton","CNI","Cherokee County Airport"
"USA","MI","Traverse City","TVC","Cherry Capital Airport"
"USA","NC","Cherry Point","NKT","Cherry Point Mcas"
"USA","AK","Chevak","VAK","Chevak Airport"
"USA","WY","Cheyenne","CYS","Cheyenne Rgnl Jerry Olson Fld"
"USA","IL","Chicago-Wheeling","PWK","Chicago Executive"
"USA","IL","Chicago","MDW","Chicago Midway Intl"
"USA","IL","Chicago","ORD","Chicago Ohare Intl"
"USA","IL","Rockford","RFD","Chicago Rockford International Airport"
"USA","IL","Chicago",,"Chicago Union Station"
"USA","CA","Chico","CIC","Chico Muni"
"USA","AK","Chignik","KBW","Chignik Bay Seaplane Base"
"USA","AK","Chignik Lagoon","KCL","Chignik Lagoon Airport"
"USA","AK","Chignik Lake","KCQ","Chignik Lake Airport"
"USA","TX","Childress","CDS","Childress Muni"
"USA","CA","China","NID","China Lake Naws"
"USA","AZ","Chinle","E91","Chinle Municipal Airport"
"USA","MI","Sault Ste Marie","CIU","Chippewa County International Airport"
"USA","WI","Eau Claire","EAU","Chippewa Valley Regional Airport"
"USA","AK","Chisana","CZN","Chisana Airport"
"USA","MN","Hibbing","HIB","Chisholm Hibbing"
"USA","OR","Christmas Valley",,"Christmas Valley Airport"
"USA","AK","Chuathbaluk","CHU","Chuathbaluk Airport"
"USA","OH","Cincinnati","LUK","Cincinnati Muni Lunken Fld"
"USA","KY","Cincinnati","CVG","Cincinnati Northern Kentucky Intl"
"USA","OH","Cincinnati",,"Cincinnati Union Terminal"
"USA","AK","Circle","IRC","Circle City Airport"
"USA","CO","Colorado Springs","COS","City Of Colorado Springs Muni"
"USA","AK","Clear Mews","Z84","Clear"
"USA","OH","Cleveland",,"Cleveland Clinic"
"USA","OH","Cleveland","CLE","Cleveland Hopkins Intl"
"USA","NM","Clovis","CVN","Clovis Muni"
"USA","IL","Bolingbrook","1CS","Clow International Airport"
"USA","GA","Atlanta","RYY","Cobb County Airport-Mc Collum Field"
"USA",,"Coffman Cove","KCC","Coffman Cove Seaplane Base"
"USA","AK","Cold Bay","CDB","Cold Bay"
"USA","AK","Coldfoot","CXF","Coldfoot Airport"
"USA","MI","Detroit","DET","Coleman A Young Muni"
"USA","TX","DALLAS","TKI","Collin County Regional Airport at Mc Kinney"
"USA","NY","Hudson NY","HCC","Columbia County"
"USA","WA","The Dalles",,"Columbia Gorge Regional - The Dalles Municipal Air"
"USA","SC","Colombia","CAE","Columbia Metropolitan"
"USA","MO","Columbia","COU","Columbia Rgnl"
"USA","MS","Colombus","CBM","Columbus Afb"
"USA","GA","Columbus","CSG","Columbus Metropolitan Airport"
"USA","NH","Concord NH","CON","Concord Municipal"
"USA","NC","Concord",,"Concord Rgnl"
"USA","NM","White Sands","WSD","Condron Aaf"
"USA","TX","Corpus Christi","CRP","Corpus Christi Intl"
"USA","TX","Corpus Christi","NGP","Corpus Christi NAS"
"USA","CO","Cortez","CEZ","Cortez Muni"
"USA","TX","Cotulla","COT","Cotulla Lasalle Co"
"USA","TX","Bryan","CFD","Coulter Fld"
"USA","AK","Council","CIL","Council Airport"
"USA","GA","Covington","9A1","Covington Municipal Airport"
"USA","AL","Selma","SEM","Craig Fld"
"USA",,"Craig","CGA","Craig Seaplane Base"
"USA","NC","New Bern","EWN","Craven Co Rgnl"
"USA","NV","Indian Springs","INS","Creech Afb"
"USA","GA","Cordele","CKF","Crisp County Cordele Airport"
"USA","AK","Crooked Creek","CKD","Crooked Creek Airport"
"USA","MT","Cutbank","CTB","Cut Bank Muni"
"USA","OH","Richmond Heights","CGF","Cuyahoga County"
"USA","FL","Miami","TNT","Dade Collier Training And Transition"
"USA","TX","Dalhart","DHT","Dalhart Muni"
"USA","TX","Dallas","RBD","Dallas Executive Airport"
"USA","TX","Dallas-fort Worth","DFW","Dallas Fort Worth Intl"
"USA","TX","Dallas","DAL","Dallas Love Fld"
"USA","GA","Dalton","DNN","Dalton Municipal Airport"
"USA","CT","Danbury","DXR","Danbury Municipal Airport"
"USA","WI","Madison","MSN","Dane Co Rgnl Truax Fld"
"USA","GA","Augusta","DNL","Daniel Field Airport"
"USA","SC","Darlington","UDG","Darlington County Jetport"
"USA","TX","Houston","DWH","David Wayne Hooks Field"
"USA","OK","Muskogee","MKO","Davis Fld"
"USA","AZ","Tucson","DMA","Davis Monthan Afb"
"USA","MT","Glendive","GDV","Dawson Community Airport"
"USA","FL","Daytona Beach","DAB","Daytona Beach Intl"
"USA","OH","Dayton","MGY","Dayton-Wright Brothers Airport"
"USA","IL","De Kalb","DKB","De Kalb Taylor Municipal Airport"
"USA","AK","Deadhorse","SCC","Deadhorse"
"USA","IL","Decatur","DEC","Decatur"
"USA","GA","Bainbridge","BGE","Decatur County Industrial Air Park"
"USA",,"Phoenix","DVT","Deer Valley Municipal Airport"
"USA","AK","Deering","DEE","Deering Airport"
"USA","FL","DeFuniak Springs","54J","DeFuniak Springs Airport"
"USA","GA","Atlanta","PDK","Dekalb-Peachtree Airport"
"USA","CA","Crescent City","CEC","Del Norte County Airport"
"USA","TX","Del Rio","DRT","Del Rio Intl"
"USA","FL","DeLand",,"DeLand Municipal Airport"
"USA","IN","Muncie","MIE","Delaware County Airport"
"USA",,"DELETE",,"DELETE"
"USA","MT","Dell","4U9","Dell Flight Strip"
"USA","MI","Escanaba","ESC","Delta County Airport"
"USA","UT","Delta","DTA","Delta Municipal Airport"
"USA","CO","Denver","DEN","Denver Intl"
"USA","CO","Denver",,"Denver Union Station"
"USA","IA","Des Moines","DSM","Des Moines Intl"
"USA","FL","Destin","DTS","Destin"
"USA","MI","Detroit",,"Detroit Amtrak Station"
"USA","MI","Detroit","DTW","Detroit Metro Wayne Co"
"USA","ND","Devils Lake","DVL","Devils Lake Regional Airport"
"USA","ND","Dickinson","DIK","Dickinson Theodore Roosevelt Regional Airport"
"USA","AK","Dillingham","DLG","Dillingham"
"USA","HI","Dillingham","HDH","Dillingham"
"USA","GA","Marietta","MGE","Dobbins Arb"
"USA","KS","Dodge City","DDC","Dodge City Regional Airport"
"USA","WI","Sturgeon Bay","SUE","Door County Cherryland Airport"
"USA","AL","Dothan","DHN","Dothan Rgnl"
"USA","AZ","Douglas","DGL","Douglas Municipal Airport"
"USA","GA","Douglas","DQH","Douglas Municipal Airport"
"USA","DE","Dover","DOV","Dover Afb"
"USA","MI","Dowagiac","C91","Dowagiac Municipal Airport"
"USA","MO","Kansas City","MKC","Downtown"
"USA","AR","Fayetteville","FYV","Drake Fld"
"USA","TX","Temple","TPL","Draughon Miller Central Texas Rgnl"
"USA",,"Dry Tortugas",,"Dry Tortugas"
"USA",,"Dry Tortugas",,"Dry Tortugas"
"USA",,"Dry Tortugas",,"Dry Tortugas"
"USA","PA","Du Bois","DUJ","DuBois Regional Airport"
"USA","IA","Dubuque IA","DBQ","Dubuque Rgnl"
"USA","MN","Duluth","DLH","Duluth Intl"
"USA","IL","West Chicago","DPA","Dupage"
"USA","CO","Durango","DRO","Durango La Plata Co"
"USA","TX","Abilene","DYS","Dyess Afb"
"USA","AK","Eagle","EAA","Eagle Airport"
"USA","CO","Vail","EGE","Eagle Co Rgnl"
"USA","CO","Eagle","EGA","Eagle County Airport"
"USA","WI","Eagle River","EGV","Eagle River"
"USA","AK","Shemya","SYA","Eareckson As"
"USA","NY","New York","TSS","East 34th Street Heliport"
"USA","MT","East Glacier",,"East Glacier Park Amtrak Station"
"USA","TX","Longview","GGG","East Texas Rgnl"
"USA","WI","East Troy","57C","East Troy Municipal Airport"
"USA","OR","Pendleton","PDT","Eastern Oregon Regional Airport"
"USA","VA","Martinsburg","MRB","Eastern WV Regional Airport"
"USA","TX","College Station","CLL","Easterwood Fld"
"USA","MD","Easton","ESN","Easton-Newnam Field Airport"
"USA","VT","Montpelier","MPV","Edward F Knapp State"
"USA","AK","Galena","GAL","Edward G Pitka Sr"
"USA","CA","Edwards Afb","EDW","Edwards Afb"
"USA","AK","Eek","EEK","Eek Airport"
"USA","AK","Egegik","EGX","Egegik Airport"
"USA","FL","Valparaiso","VPS","Eglin Afb"
"USA","AK","Fairbanks","EIL","Eielson Afb"
"USA","AK","Ekwok","KEK","Ekwok Airport"
"USA","CA","El Centro","NJK","El Centro Naf"
"USA","TX","El Paso","ELP","El Paso Intl"
"USA","CA","Santa Ana","NZJ","El Toro"
"USA",,"Elfin Cove","ELV","Elfin Cove Seaplane Base"
"USA","AK","Elim","ELI","Elim Airport"
"USA","NC","Elizabeth City","ECG","Elizabeth City Cgas Rgnl"
"USA","TN","Elizabethton","0A9","Elizabethton Municipal Airport"
"USA","WV","Elkins","EKN","Elkins Randolph Co Jennings Randolph"
"USA","NV","Elko","EKO","Elko Regional Airport"
"USA","TX","Houston","EFD","Ellington Fld"
"USA","SD","Rapid City","RCA","Ellsworth Afb"
"USA","AK","Anchorage","EDF","Elmendorf Afb"
"USA","NY","Elmira","ELM","Elmira Corning Rgnl"
"USA","NV","Ely","ELY","Ely Airport"
"USA","MN","Ely","LYU","Ely Municipal"
"USA","GA","Santa Barbara","SBO","Emanuel Co"
"USA","CA","Emeryville",,"Emeryville Amtrak Station"
"USA","AK","Emmonak","EMK","Emmonak Airport"
"USA","KS","Emporia","EMP","Emporia Municipal Airport"
"USA","NE","Omaha","OMA","Eppley Afld"
"USA","PA","Erie","ERI","Erie Intl Tom Ridge Fld"
"USA","OH","Port Clinton","PCW","Erie-Ottawa Regional Airport"
"USA","AZ","Prescott","PRC","Ernest A Love Fld"
"USA","LA","Alexandria","ESF","Esler Rgnl"
"USA","IN","Evansville","EVV","Evansville Regional"
"USA","FL","Everglades","X01","Everglades Airpark"
"USA",,"Excursion Inlet","EXI","Excursion Inlet Seaplane Base"
"USA","FL","Orlando","ORL","Executive"
"USA","AK","Fairbanks","FAI","Fairbanks Intl"
"USA","WA","Spokane","SKA","Fairchild Afb"
"USA","NV","Fallon","NFL","Fallon Nas"
"USA","MN","International Falls","INL","Falls Intl"
"USA","AK","False Pass","KFP","False Pass Airport"
"USA","NC","Fayetteville","FAY","Fayetteville Regional Grannis Field"
"USA","VA","Fort Eustis","FAF","Felker Aaf"
"USA","WA","Spokane","SFF","Felts Fld"
"USA","WA","Republic","R49","Ferry County Airport"
"USA","OH","Findley","FDY","Findlay Airport"
"USA","NC","Kill Devil Hills","FFA","First Flight Airport"
"USA","MA","Fitchburg","FIT","Fitchburg Municipal Airport"
"USA","GA","Fitzgerald","FZG","Fitzgerald Municipal Airport"
"USA","FL","Flagler","XFL","Flagler County Airport"
"USA","AZ","Flagstaff","FLG","Flagstaff Pulliam Airport"
"USA","SC","Florence","FLO","Florence Rgnl"
"USA","FL","Marathon","MTH","Florida Keys Marathon Airport"
"USA","NC","Morganton","MRN","Foothills Regional Airport"
"USA","KS","Topeka","FOE","Forbes Fld"
"USA","MI","Iron Mountain","IMT","Ford Airport"
"USA","CO","F","FNL","Fort Collins Loveland Muni"
"USA","IA","Fort Dodge","FOD","Fort Dodge Rgnl"
"USA",,"Fort Jefferson - Dry Tortugas","RBN","Fort Jefferson"
"USA",,"Fort Lauderdale",,"Fort Lauderdale Cruise Terminal"
"USA","FL","Fort Lauderdale","FXE","Fort Lauderdale Executive"
"USA","FL","Fort Lauderdale","FLL","Fort Lauderdale Hollywood Intl"
"USA","AR","Fort Smith","FSM","Fort Smith Rgnl"
"USA","TX","Fort Stockton","FST","Fort Stockton Pecos Co"
"USA","IN","Fort Wayne","FWA","Fort Wayne"
"USA","TX","Fort Worth","AFW","Fort Worth Alliance Airport"
"USA","TX","Fort Worth","FTW","Fort Worth Meacham Intl"
"USA","TX","Dallas",,"Fort Worth NAS"
"USA","AK","Fort Yukon","FYU","Fort Yukon"
"USA","OH","St. Marys","1OH","Fortman Airport"
"USA","NM","Four Corners",,"Four Corners"
"USA","NM","Farmington","FMN","Four Corners Rgnl"
"USA","NY","West Hampton Beach","FOK","Francis S Gabreski"
"USA","MT","Miles City","MLS","Frank Wiley Field"
"USA","PA","Franklin","FKL","Franklin"
"USA","TN","Sewanee",,"Franklin County Airport"
"USA","IL","Urbana","C16","Frasca Field"
"USA","OH","Fremont",,"Fremont Airport"
"USA","CA","Murrieta-Temecula","F70","French Valley Airport"
"USA","CA","Fresno","FAT","Fresno Yosemite Intl"
"USA","WA","Friday Harbor","FRD","Friday Harbor Airport"
"USA",,"Friday Harbor","FBS","Friday Harbor Seaplane Base"
"USA","ID","Hailey","SUN","Friedman Mem"
"USA","CA","Fullerton","FUL","Fullerton Municipal Airport"
"USA","GA","Atlanta","FTY","Fulton County Airport Brown Field"
"USA","AK","Funter Bay","FNR","Funter Bay Seaplane Base"
"USA","CA","Death Valley National Park","L06","Furnace Creek"
"USA","FL","Gainesville","GNV","Gainesville Rgnl"
"USA","MT","Bozeman","BZN","Gallatin Field"
"USA","NM","Gallup","GUP","Gallup Muni"
"USA","IL","Greenwood","10C","Galt Field Airport"
"USA","AK","Gambell","GAM","Gambell Airport"
"USA","KS","Garden City","GCK","Garden City Rgnl"
"USA","CO","Rifle","RIL","Garfield County Regional Airport"
"USA","TX","Uvalde","UVA","Garner Field"
"USA","IN","Gary","GYY","Gary Chicago International Airport"
"USA","MA","Boston","BOS","General Edward Lawrence Logan Intl"
"USA","WI","Milwaukee","MKE","General Mitchell Intl"
"USA","TX","Houston","IAH","George Bush Intcntl Houston"
"USA","MI","Grand Rapids","GRR","Gerald R Ford Intl"
"USA","AZ","Gila Bend","E63","Gila Bend Municipal Airport"
"USA","CA","El Cajon","SEE","Gillespie"
"USA","WY","Gillette","GCC","Gillette-Campbell County Airport"
"USA","GA","Ellijay","49A","Gilmer County Airport"
"USA","MT","Kalispell","FCA","Glacier Park Intl"
"USA","IL","Glenview",,"Glenview Amtrak Station"
"USA","CO","Glenwood Springs",,"Glenwood Springs Train Station"
"USA","CA","Novato",,"Gnoss Field Airport"
"USA","KY","Fort Knox","FTK","Godman Aaf"
"USA","MI","Ironwood","IWD","Gogebic Iron County Airport"
"USA","MS","Columbus Mississippi","GTR","Golden Triangle Regional Airport"
"USA","AK","Golovin","GLV","Golovin Airport"
"USA",,"Goodnews Bay","GNU","Goodnews Airport"
"USA","AZ","Grand Canyon","JGC","Grand Canyon Heliport"
"USA","AZ","Grand Canyon","GCN","Grand Canyon National Park Airport"
"USA","AZ","Grand Canyon West","GCW","Grand Canyon West Airport"
"USA","ND","Red River","RDR","Grand Forks Afb"
"USA","ND","Grand Forks","GFK","Grand Forks Intl"
"USA","WI","Lake Geneva","C02","Grand Geneva Resort Airport"
"USA","CO","Grand Junction","GJT","Grand Junction Regional"
"USA","CO","Grand Junction",,"Grand Junction Train Station"
"USA","MN","Grand Marais","GRM","Grand Marais Cook County Airport"
"USA","MN","Grand Rapids MN","GPZ","Grand Rapids Itasca County"
"USA","WA","Grant County Airport","MWH","Grant Co Intl"
"USA","NM","Silver City","SVC","Grant County Airport"
"USA","NM","Grants","GNT","Grants Milan Muni"
"USA","WA","Fort Lewis","GRF","Gray Aaf"
"USA","AK","Grayling","KGX","Grayling Airport"
"USA","KS","Great Bend","GBN","Great Bend Municipal"
"USA","MT","Great Falls","GTF","Great Falls Intl"
"USA","NY","Binghamton","BGM","Greater Binghamton Edwin A Link Fld"
"USA","IL","Kankakee","IKK","Greater Kankakee"
"USA","NY","Rochester","ROC","Greater Rochester Intl"
"USA","WV","Lewisburg","LWB","Greenbrier Valley Airport"
"USA","SC","Greenville","GSP","Greenville-Spartanburg International"
"USA","MS","Greenwood","GWO","Greenwood Leflore"
"USA","DC","Washington DC",,"Greyhound Station"
"USA","AR","Pine Bluff","PBF","Grider Fld"
"USA","OH","Sandusky","SKY","Griffing Sandusky"
"USA","GA","Griffin","6A2","Griffin-Spalding County Airport"
"USA","NY","Rome","RME","Griffiss Afld"
"USA","IN","Peru","GUS","Grissom Arb"
"USA","CT","Groton CT","GON","Groton New London"
"USA","MS","Gulfport","GPT","Gulfport-Biloxi"
"USA","AK","Gulkana","GKN","Gulkana"
"USA","CO","Gunnison","GUC","Gunnison - Crested Butte"
"USA","AK","Gustavus","GST","Gustavus Airport"
"USA","GA","Lawrenceville","LZU","Gwinnett County Airport-Briscoe Field"
"USA","MD","Hagerstown","HGR","Hagerstown Regional Richard A Henson Field"
"USA","AK","Haines","HNS","Haines Airport"
"USA","FL","Green Cove Springs",,"Haller Airpark Airport"
"USA","OK","Duncan","DUC","Halliburton Field Airport"
"USA","HI","Hana","HNM","Hana"
"USA","ME","Bar Harbor","BHB","Hancock County - Bar Harbor"
"USA","GA","Pine Mountain","PIM","Harris County Airport"
"USA","PA","Harrisburg","MDT","Harrisburg Intl"
"USA","WV","Clarksburg","CKB","Harrison Marion Regional Airport"
"USA","OH","New Philadelpha","PHD","Harry Clever Field Airport"
"USA","CT","Hartford","HFD","Hartford Brainard"
"USA","CT","Hartford","ZRT","Hartford Union Station"
"USA","VT","Springfield VT","VSF","Hartness State"
"USA","GA","Atlanta","ATL","Hartsfield Jackson Atlanta Intl"
"USA","MS","Hattiesburg/Laurel","PIB","Hattiesburg Laurel Regional Airport"
"USA","MT","Havre","HVR","Havre City Co"
"USA","MT","Havre",,"Havre Train Station"
"USA","KS","Hays","HYS","Hays Regional Airport"
"USA","AK","Healy","HKB","Healy River Airport"
"USA","ND","Fargo","FAR","Hector International Airport"
"USA","MT","Helena","HLN","Helena Rgnl"
"USA","NV","Henderson","HSH","Henderson Executive Airport"
"USA","OK","Fort Sill","FSI","Henry Post Aaf"
"USA","GA","Tifton","TMA","Henry Tift Myers Airport"
"USA","AK","Juneau",,"Herbert Glacier"
"USA","HI","Honolulu",,"Hickam Air Force Base"
"USA","NC","Hickory","HKY","Hickory Rgnl"
"USA","UT","Ogden","HIF","Hill Afb"
"USA","TX","Santa Ana","INJ","Hillsboro Muni"
"USA","HI","Hilo Hawaii",,"Hilo Cruise Terminal Hawaii"
"USA","HI","Hilo","ITO","Hilo Intl"
"USA","SC","Hilton Head","HHH","Hilton Head"
"USA","SC","Hilton Head Island","HXD","Hilton Head Airport"
"USA","OK","Hobart","HBR","Hobart Muni"
"USA","AK","Hollis","HYL","Hollis Seaplane Base"
"USA","NM","Alamogordo","HMN","Holloman Afb"
"USA","AK","Holy Cross","HCR","Holy Cross Airport"
"USA","AK","Homer","HOM","Homer"
"USA","FL","Homestead","HST","Homestead Arb"
"USA","TX","Hondo","HDO","Hondo Municipal Airport"
"USA","HI","Honolulu Oahu",,"Honolulu Cruise Terminal Oahu"
"USA","HI","Honolulu","HNL","Honolulu Intl"
"USA","TX","Fort Hood","HLR","Hood Aaf"
"USA","AK","Hoonah","HNH","Hoonah Airport"
"USA",,"Hooper Bay","HPB","Hooper Bay Airport"
"USA","MI","Hancock","CMX","Houghton County Memorial Airport"
"USA","ME","Houlton","HUL","Houlton Intl"
"USA","AK","Hughes","HUS","Hughes Airport"
"USA","GA","Hunter Aaf","SVN","Hunter Aaf"
"USA","AL","Huntsville","HSV","Huntsville International Airport-Carl T Jones Fiel"
"USA","FL","Mary Esther","HRT","Hurlburt Fld"
"USA","SD","Huron","HON","Huron Rgnl"
"USA","AK","Huslia","HSL","Huslia Airport"
"USA","KS","Hutchinson","HUT","Hutchinson Municipal Airport"
"USA",,"Hydaburg","HYG","Hydaburg Seaplane Base"
"USA","CA02","Hyder","WHD","Hyder Seaplane Base"
"USA","AK","Icy Bay","ICY","Icy Bay Airport"
"USA","ID","Idaho Falls","IDA","Idaho Falls Rgnl"
"USA","NY","New York","IDL","Idlewild Intl"
"USA","AK","Igiugig","IGG","Igiugig Airport"
"USA","CT","Stratford","BDR","Igor I Sikorsky Mem"
"USA","AK","Iliamna","ILI","Iliamna"
"USA","CA","Imperial","IPL","Imperial Co"
"USA","AK","Indian Mountains","UTO","Indian Mountain Lrrs"
"USA","IN","Indianapolis","IND","Indianapolis Intl"
"USA","CA","Inyokern","IYK","Inyokern Airport"
"USA","AL","Fort Payne","4A9","Isbell Field Airport"
"USA","NY","Ithaca","ITH","Ithaca Tompkins Rgnl"
"USA","CA","Hawthorne","HHR","Jack Northrop Fld Hawthorne Muni"
"USA","GA","Jefferson","19A","Jackson County Airport"
"USA","MS","Jackson","JAN","Jackson Evers Intl"
"USA","WY","Jacksn Hole","JAC","Jackson Hole Airport"
"USA","FL","Jacksonville","JAX","Jacksonville Intl"
"USA","FL","Jacksonville","NIP","Jacksonville Nas"
"USA","CA","Palm Springs","TRM","Jacqueline Cochran Regional Airport"
"USA","OH","Dayton","DAY","James M Cox Dayton Intl"
"USA","ND","Jamestown","JMS","Jamestown Regional Airport"
"USA","MO","Jefferson City","JEF","Jefferson City Memorial Airport"
"USA","WA","Port Townsend","TWD","Jefferson County Intl"
"USA","WA","Port Townsend","0S9","Jefferson County Intl"
"USA","NY","New York","JFK","John F Kennedy Intl"
"USA","PA","Johnstown","JST","John Murtha Johnstown-Cambria County Airport"
"USA","CA","Santa Ana","SNA","John Wayne Arpt Orange Co"
"USA","AR","Jonesboro","JBR","Jonesboro Muni"
"USA","MO","Joplin","JLN","Joplin Rgnl"
"USA","AK","Juneau",,"Juneau Cruise Pier"
"USA","AK","Juneau","JNU","Juneau Intl"
"USA","HI","Kahului","OGG","Kahului"
"USA",,"Kailua Kona Hawaii",,"Kailua Kona Harbor"
"USA","AK","Kake","AFE","Kake Airport"
"USA",,"Kake","KAE","Kake Seaplane Base"
"USA","MI","Kalamazoo","AZO","Kalamazoo"
"USA","HI","Molokai","LUP","Kalaupapa Airport"
"USA","AK","Kalskag","KLG","Kalskag Airport"
"USA","AK","Kaltag","KAL","Kaltag Airport"
"USA","HI","Kaneohe Bay","NGF","Kaneohe Bay Mcaf"
"USA","MO","Kansas City","MCI","Kansas City Intl"
"USA","HI","Lahania-kapalua","JHM","Kapalua"
"USA","AK","Karluk","KYK","Karuluk Airport"
"USA","AK","Kasigluk","KUK","Kasigluk Airport"
"USA",,"Nawiliwili Kauai Hawaii",,"Kauai Cruise Terminal Nawiliwili"
"USA","TX","Brownwood","BWD","KBWD"
"USA","NE","Kearney","EAR","Kearney Municipal Airport"
"USA","MS","Biloxi","BIX","Keesler Afb"
"USA","WA","Kelso","KLS","Kelso Longview"
"USA","AK","Kenai","ENA","Kenai Muni"
"USA","FL","Kendall-tamiami","TMB","Kendall Tamiami Executive"
"USA","WA","Kenmore","KEH","Kenmore Air Harbor Inc Seaplane Base"
"USA","WA","Seattle","LKE","Kenmore Air Harbor Seaplane Base"
"USA","WI","Kenosha","ENW","Kenosha Regional Airport"
"USA","TX","Kerrville","ERV","Kerrville Municipal Airport"
"USA","AK","Ketchikan",,"Ketchikan Cruise Pier"
"USA",,"Ketchikan","WFB","Ketchikan harbor Seaplane Base"
"USA","AK","Ketchikan","KTN","Ketchikan Intl"
"USA","MS","Meridian","MEI","Key Field"
"USA","FL","Ocean Reef Club Airport","OCA","Key Largo"
"USA","FL","Key West","EYW","Key West Intl"
"USA","FL","Key West","NQX","Key West Nas"
"USA","AK","King Cove","KVC","King Cove Airport"
"USA","AK","King Salmon","AKN","King Salmon"
"USA","AZ","Kingman","IGM","Kingman Airport"
"USA","TX","Kingsville","NQI","Kingsville Nas"
"USA","NC","Kinston","ISO","Kinston Regional Jetport"
"USA","AK","Kipnuk","KPN","Kipnuk Airport"
"USA","MO","Kirksville","IRK","Kirksville Regional Airport"
"USA","FL","Kissimmee","ISM","Kissimmee Gateway Airport"
"USA","AK","Kitoi Bay","KKB","Kitoi Bay Seaplane Base"
"USA",,"Kivalina","KVL","Kivalina Airport"
"USA","OR","Klamath Falls","LMT","Klamath Falls Airport"
"USA","AK","Klawock","KLW","Klawock Airport"
"USA",,"Klawock","AQC","Klawock Seaplane Base"
"USA","ME","Rockland","RKD","Knox County Regional Airport"
"USA","TN","Knoxville","DKX","Knoxville Downtown Island Airport"
"USA","AK","Kobuk","OBU","Kobuk Airport"
"USA","AK","Kodiak","ADQ","Kodiak"
"USA","AK","Koliganek","KGK","Koliganek Airport"
"USA","HI","Kona","KOA","Kona Intl At Keahole"
"USA","AK","Kongiganak","KKH","Kongiganak Airport"
"USA","AK","Kotlik","KOT","Kotlik Airport"
"USA","AK","Koyuk","KKA","Koyuk Alfred Adams Airport"
"USA","AK","Koyukuk","KYU","Koyukuk Airport"
"USA","AK","Kwethluk","KWT","Kwethluk Airport"
"USA","AK","Kwigillingok","KWK","Kwigillingok Airport"
"USA","NY","New York","LGA","La Guardia"
"USA","CO","La Junta","LHX","La Junta Muni"
"USA","TX","San Antonio","SKF","Lackland Afb Kelly Fld Annex"
"USA","WI","LaCrosse","LSE","LaCrosse Municipal"
"USA","AK","Fort Wainwright","FBK","Ladd Aaf"
"USA","LA","Lafayette","LFT","Lafayette Rgnl"
"USA","GA","LaGrange","LGC","LaGrange-Callaway Airport"
"USA",,"Lahaina Maui Hawaii",,"Lahaina Harbor Maui Hawaii"
"USA","LA","Lake Charles","LCH","Lake Charles Rgnl"
"USA","FL","Lake City","LCQ","Lake City Municipal Airport"
"USA","OR","Lakeview",,"Lake County Airport"
"USA","KY","Somerset","SME","Lake Cumberland Regional Airport"
"USA","AZ","Lake Havasu City","HII","Lake Havasu City Airport"
"USA","AK","Anchorage","LHD","Lake Hood Seaplane Base"
"USA","CA","South Lake Tahoe","TVL","Lake Tahoe Airport"
"USA","NJ","Lakehurst","NEL","Lakehurst Naes"
"USA","WI","Minocqua - Woodruff","ARV","Lakeland"
"USA","FL","Lakeland","LAL","Lakeland Linder Regional Airport"
"USA","CO","Lamar","LAA","Lamar Muni"
"USA","MO","St. Louis","STL","Lambert St Louis Intl"
"USA","HI","Lanai","LNY","Lanai"
"USA","PA","Lancaster","LNS","Lancaster Airport"
"USA","PA","Lancaster",,"Lancaster Amtrak Station"
"USA","VA","Hampton","LFI","Langley Afb"
"USA","WY","Laramie","LAR","Laramie Regional Airport"
"USA","TX","Laredo","LRD","Laredo Intl"
"USA","AK","Larsen Bay","KLN","Larsen Bay Airport"
"USA","NM","Las Cruces","LRU","Las Cruces Intl"
"USA","NM","Las Vegas","LVS","Las Vegas Muni"
"USA","TX","Del Rio","DLF","Laughlin Afb"
"USA","AZ","Bullhead","IFP","Laughlin-Bullhead Intl"
"USA","MA","Bedford","BED","Laurence G Hanscom Fld"
"USA","WI","Milwaukee","MWC","Lawrence J Timmerman Airport"
"USA","KS","Lawrence","LWC","Lawrence Municipal"
"USA","MA","Lawrence","LWM","Lawrence Municipal Airport"
"USA","GA","Fort Benning","LSF","Lawson Aaf"
"USA","OK","Lawton","LAW","Lawton-Fort Sill Regional Airport"
"USA","NM","Hobbs","HOB","Lea Co Rgnl"
"USA","NH","Lebanon","LEB","Lebanon Municipal Airport"
"USA","MO","Kaiser Lake Ozark","AIZ","Lee C Fine Memorial Airport"
"USA","GA","Gainesville","GVL","Lee Gilmer Memorial Airport"
"USA","PA","Allentown","ABE","Lehigh Valley Intl"
"USA","ID","Salmon","SMN","Lemhi County Airport"
"USA","CA","Lemoore","NLC","Lemoore Nas"
"USA","AK","Levelock","KLL","Levelock Airport"
"USA","IL","Lockport","LOT","Lewis University Airport"
"USA","ID","Lewiston","LWS","Lewiston Nez Perce Co"
"USA","MT","Lewistown","LWT","Lewistown Municipal Airport"
"USA","KS","Liberal","LBL","Liberal Muni"
"USA","HI","Lihue","LIH","Lihue"
"USA","NE","Lincoln","LNK","Lincoln"
"USA",,"Liskeard",,"Liskeard Station"
"USA","AR","Jacksonville","LRF","Little Rock Afb"
"USA","CA","Livermore","LVK","Livermore Municipal"
"USA","AK","Livingood","LIV","Livingood Airport"
"USA","MT","Wolf Point","OLF","LM Clayton Airport"
"USA","UT","Logan","LGU","Logan-Cache"
"USA","TX","Conroe","CXO","Lone Star Executive"
"USA","CA","Long Beach","LGB","Long Beach"
"USA","NY","Islip","ISP","Long Island Mac Arthur"
"USA","WA","Lopez","LPS","Lopez Island Airport"
"USA","NM","Los Alamos","LAM","Los Alamos Airport"
"USA","CA","Los Angeles","LAX","Los Angeles Intl"
"USA","CA","Los Angeles",,"Los Angeles San Pedro Cruise Terminal"
"USA","CA","Los Angeles",,"Los Angeles Union Station"
"USA","LA","New Orleans","MSY","Louis Armstrong New Orleans Intl"
"USA","KY","Louisville","SDF","Louisville International Airport"
"USA","TN","Chattanooga","CHA","Lovell Fld"
"USA","TX","Lubbock","LBB","Lubbock Preston Smith Intl"
"USA","AZ","Phoenix","LUF","Luke Afb"
"USA","VA","Lynchburg","LYH","Lynchburg Regional Preston Glenn Field"
"USA","WA","Lynden","38W","Lynden Airport"
"USA","FL","Tampa","MCF","Macdill Afb"
"USA","MI","Mackinac Island","MCD","Mackinac Island Airport"
"USA","IL","Macomb","MQB","Macomb Municipal Airport"
"USA","CA","Madera","MAE","Madera Municipal Airport"
"USA","ID","Twin Falls","TWF","Magic Valley Regional Airport"
"USA","OR","Eugene","EUG","Mahlon Sweet Fld"
"USA","TX","Greenvile","GVT","Majors"
"USA","ID","Malad City","MLD","Malad City"
"USA","GA","Locust Grove",,"Mallards Landing Airport"
"USA","CA","Mammoth Lakes","MMH","Mammoth Yosemite Airport"
"USA","NH","Manchester NH","MHT","Manchester Regional Airport"
"USA","KS","Manhattan","MHK","Manhattan Reigonal"
"USA","MI","Manistee","MBL","Manistee County-Blacker Airport"
"USA","AK","Manley Hot Springs","MLY","Manley Hot Springs Airport"
"USA","AK","Manokotak","KMO","Manokotak Airport"
"USA","OH","Mansfield","MFD","Mansfield Lahm Regional"
"USA","MA","Mansfield","1B9","Mansfield Municipal"
"USA","AZ","Tucson","AVW","Marana Regional"
"USA","CA","Riverside","RIV","March Arb"
"USA","CA","Fort Ord","OAR","Marina Muni"
"USA","CA","Mariposa","MPI","MariposaYosemite"
"USA","KS","Fort Riley","FRI","Marshall Aaf"
"USA","AK","Marshall","MLL","Marshall Don Hunter Sr. Airport"
"USA","MA","Marshfield","GHG","Marshfield Municipal Airport"
"USA","MA","Vineyard Haven MA","MVY","Martha\\\\'s Vineyard"
"USA","IA","Mason City","MCW","Mason City Municipal"
"USA","NY","Massena","MSS","Massena Intl Richards Fld"
"USA","AL","Montgomery","MXF","Maxwell Afb"
"USA","MI","Saginaw","MBS","Mbs Intl"
"USA","OK","Mcalester","MLC","Mc Alester Rgnl"
"USA","TX","Mcallen","MFE","Mc Allen Miller Intl"
"USA","NV","Las Vegas","LAS","Mc Carran Intl"
"USA","WA","Tacoma","TCM","Mc Chord Afb"
"USA","CA","Sacramento","MCC","Mc Clellan Afld"
"USA","KS","Wichita","IAB","Mc Connell Afb"
"USA","TN","Knoxville","TYS","Mc Ghee Tyson"
"USA","NJ","Wrightstown","WRI","Mc Guire Afb"
"USA","TN","Jackson","MKL","Mc Kellar Sipes Rgnl"
"USA","OR","Mackminnville","MMV","Mc Minnville Muni"
"USA","ID","McCall","MYL","McCall Municipal Airport"
"USA","AK","McCarthy","MXY","McCarthy Airport"
"USA","CA","Carlsbad","CLD","McClellan-Palomar Airport"
"USA","NE","McCook","MCK","McCook Regional Airport"
"USA","AK","Mcgrath","MCG","McGrath Airport"
"USA","AK","McKinley Park","MCL","McKinley National Park Airport"
"USA","TN","Athens","MMI","McMinn Co"
"USA","OR","Salem","SLE","McNary Field"
"USA","CA","Bakersfield","BFL","Meadows Fld"
"USA","AK","Mekoryuk","MYU","Mekoryuk Airport"
"USA","FL","Melbourne","MLB","Melbourne Intl"
"USA","AR","Hot Springs","HOT","Memorial Field"
"USA","TN","Memphis","MEM","Memphis Intl"
"USA","MI","Macon","MNM","Menominee Marinette Twin Co"
"USA","CA","Merced","MCE","Merced Municipal Airport"
"USA","WV","Bluefield","BLF","Mercer County Airport"
"USA","MS","Meridian","NMM","Meridian Nas"
"USA","AK","Cordova","CDV","Merle K Mudhole Smith"
"USA","AK","Anchorage","MRI","Merrill Fld"
"USA",,"Metakatla","MTM","Metlakatla Seaplane Base"
"USA","NJ","Iselin",,"Metropark Amtrak Station"
"USA","CA","Oakland","OAK","Metropolitan Oakland Intl"
"USA","TX","Mexia","LXY","Mexia - Limestone County Airport"
"USA",,"Miami",,"Miami Cruise Terminal"
"USA","FL","Miami","MIA","Miami Intl"
"USA",,"Miami","MPB","Miami Seaplane Base"
"USA","OH","Oxford","OXD","Miami University Airport"
"USA","IN","Michigan City","MGC","Michigan City Municipal Airport"
"USA","MS","Greenville","GLH","Mid Delta Regional Airport"
"USA","GA","Macon","MCN","Middle Georgia Rgnl"
"USA","TX","Midland","MAF","Midland Intl"
"USA","WV","PARKERSBURG","PKB","Mid-Ohio Valley Regional Airport"
"USA","TN","Millington","NQA","Millington Rgnl Jetport"
"USA","ME","Millinocket","MLT","Millinocket Muni"
"USA","NJ","Millville","MIV","Millville Muni"
"USA","WI","Milwaukee",,"Milwaukee Airport Station"
"USA","AK","Lake Minchumina","MHM","Minchumina Airport"
"USA","TX","Mineral Wells","MWL","Mineral Wells"
"USA","MN","Minneapolis","MSP","Minneapolis St Paul Intl"
"USA","ND","Minot","MIB","Minot Afb"
"USA","ND","Minot","MOT","Minot Intl"
"USA","ND","Minot",,"Minot Train Station"
"USA","AK","Minto","MNT","Minto Airport"
"USA","CA","Miramar","NKX","Miramar Mcas"
"USA","MT","Livingston-Montana","LVM","Mission Field Airport"
"USA","MT","Missoula","MSO","Missoula Intl"
"USA","AZ","Mobile",,"Mobile"
"USA","AL","Mobile","BFM","Mobile Downtown"
"USA","AL","Mobile","MOB","Mobile Rgnl"
"USA","CA","Modesto","MOD","Modesto City Co Harry Sham"
"USA","CA","Mountain View","NUQ","Moffett Federal Afld"
"USA","CA","Mojave","MHV","Mojave"
"USA","HI","Molokai","MKK","Molokai"
"USA","IN","Bloomington","BMG","Monroe County Airport"
"USA","LA","Monroe","MLU","Monroe Rgnl"
"USA","CA","Monterey","MRY","Monterey Peninsula"
"USA","MD","Gaithersburg","GAI","Montgomery County Airpark"
"USA",,"San Diego","MYF","Montgomery Field"
"USA","AL","MONTGOMERY","MGM","Montgomery Regional Airport"
"USA","CO","Montrose CO","MTJ","Montrose Regional Airport"
"USA","UT","Monument Valley",,"Monument Valley Airport"
"USA","GA","Valdosta","VAD","Moody Afb"
"USA","WV","Morgantown","MGW","Morgantown Muni Walter L Bill Hart Fld"
"USA","NJ","Morristown","MMU","Morristown Municipal Airport"
"USA","VT","Morrisville","MVL","Morrisville Stowe State Airport"
"USA",,"Moser Bay","KMY","Moser Bay Seaplane Base"
"USA","AL","Tuskegee","06A","Moton Field Municipal Airport"
"USA","GA","Moultrie","MGR","Moultrie Municipal Airport"
"USA","ID","Mountain Home","MUO","Mountain Home Afb"
"USA","ID","Mountain Home","U76","Mountain Home Municipal Airport"
"USA","AK","Mountain Village","MOU","Mountain Village Airport"
"USA","PA","Muir","MUI","Muir Aaf"
"USA","MI","Muskegon","MKG","Muskegon County Airport"
"USA","SC","Myrtle Beach","MYR","Myrtle Beach Intl"
"USA","MA","Nantucket","ACK","Nantucket Mem"
"USA","CA","Napa","APC","Napa County Airport"
"USA","FL","Naples","APF","Naples Muni"
"USA","TN","Nashville","BNA","Nashville Intl"
"USA","WY","Casper","CPR","Natrona Co Intl"
"USA",,"Ketchikan",,"Neets Bay"
"USA","NV","Las Vegas","LSV","Nellis Afb"
"USA","AK","Nelson Lagoon","NLG","Nelson Lagoon"
"USA","MA","New Bedford","EWB","New Bedford Regional Airport"
"USA","DE","Wilmington","ILG","New Castle"
"USA","KS","Olathe","JCI","New Century AirCenter Airport"
"USA","CT","New Haven","ZVE","New Haven Rail Station"
"USA","LA","New Orleans","NBG","New Orleans Nas Jrb"
"USA","NC","Jacksonville",,"New River Mcas"
"USA","NY","New Rochelle",,"New Rochelle Amtrak Station"
"USA","AK","New Stuyahok","KNW","New Stuyahok Airport"
"USA","NY","NEW YORK",,"NEW YORK CRUISE TERMINAL PIER 92"
"USA","NY","New York",,"New York Penn Station"
"USA","NJ","Newark","EWR","Newark Liberty Intl"
"USA","NJ","Newark","ZRP","Newark Penn Station"
"USA","OR","Newport","ONP","Newport Municipal Airport"
"USA","VA","Newport News",,"Newport News Amtrak Station"
"USA","VA","Newport News","PHF","Newport News Williamsburg Intl"
"USA","RI","Newport RI","UUU","Newport State"
"USA","AK","Newtok","WWT","Newtok Airport"
"USA","NY","Niagara Falls","IAG","Niagara Falls Intl"
"USA","AK","Nightmute","NME","Nightmute Airport"
"USA","AK","Nikolai","NIB","Nikolai Airport"
"USA","AK","Nikolski","IKO","Nikolski Air Station"
"USA","AK","Noatak","WTK","Noatak Airport"
"USA","AZ","Nogales","OLS","Nogales Intl"
"USA","AK","Nome","OME","Nome"
"USA","AK","Nondalton","NNL","Nondalton Airport"
"USA","VA","Norfolk","ORF","Norfolk Intl"
"USA","VA","Norfolk","NGU","Norfolk Ns"
"USA","CA","San Jose","SJC","Norman Y Mineta San Jose Intl"
"USA","RI","Smithfield","SFZ","North Central State"
"USA","CA","San Diego","NZY","North Island Nas"
"USA","NV","Las Vegas","VGT","North Las Vegas Airport"
"USA","FL","Hollywood","HWO","North Perry"
"USA","PA","Philadelphia",,"North Philadelphia Amtrak Station"
"USA","NE","North Platte","LBF","North Platte Regional Airport Lee Bird Field"
"USA","AK","North Whale Pass","WWP","North Whale Seaplane Base"
"USA","AL","Gadsden","GAD","Northeast Alabama Regional Airport"
"USA","PA","Philadelphia","PNE","Northeast Philadelphia"
"USA","ME","Frenchville","WFK","Northern Aroostook Regional Airport"
"USA","ME","Presque Isle","PQI","Northern Maine Rgnl At Presque Isle"
"USA","AK","Northway","ORT","Northway"
"USA","AL","Muscle Shoals","MSL","Northwest Alabama Regional Airport"
"USA","MA","Norwood","OWD","Norwood Memorial Airport"
"USA","AK","Nuiqsut","NUI","Nuiqsut Airport"
"USA","AK","Nulato","NUL","Nulato Airport"
"USA","AK","Nunapitchuk","NUP","Nunapitchuk Airport"
"USA","AR","Bentonville","XNA","NW Arkansas Regional"
"USA","IL","Oak Lawn",,"Oak Lawn Train Station"
"USA","NC","Ocean Isle Beach","60J","Ocean Isle Beach Airport"
"USA","VA","Oceana","NTU","Oceana Nas"
"USA","NE","Omaha","OFF","Offutt Afb"
"USA","NY","Ogdensburg","OGS","Ogdensburg Intl"
"USA","OH","Columbus","OSU","Ohio State University Airport"
"USA","OH","Athens",,"Ohio University Airport"
"USA","AK","Old Harbor","OLH","Old Harbor Airport"
"USA","AK","Olga Bay","KOY","Olga Bay Seaplane Base"
"USA","MS","Olive Branch","OLV","Olive Branch Muni"
"USA","WA","Olympia","OLM","Olympia Regional Airpor"
"USA","NY","New York",,"One Police Plaza Heliport"
"USA","NY","Oneonta","ONH","Oneonta Municipal Airport"
"USA","CA","Ontario","ONT","Ontario Intl"
"USA","OR","Ontario",,"Ontario Municipal Airport"
"USA","FL","Miami","OPF","Opa Locka"
"USA","NY","Montgomery","MGJ","Orange County Airport"
"USA","WA","Eastsound","ESD","Orcas Island Airport"
"USA",,"Orlando","DWS","Orlando"
"USA","FL","Orlando","MCO","Orlando Intl"
"USA","FL","Sanford","SFB","Orlando Sanford Intl"
"USA","FL","Ormond Beach","OMN","Ormond Beach municipal Airport"
"USA","MI","Oscoda","OSC","Oscoda Wurtsmith"
"USA","MA","Falmouth","FMH","Otis Angb"
"USA","AK","Ouzinkie","KOZ","Ouzinkie Airport"
"USA","KY","Owensboro","OWB","Owensboro Daviess County Airport"
"USA","CA","Oxnard","OXR","Oxnard - Ventura County"
"USA","TX","Ozona","OZA","Ozona Muni"
"USA","FL","Fort Myers","FMY","Page Fld"
"USA","AZ","Page","PGA","Page Municipal Airport"
"USA","FL","Pahokee",,"Pahokee"
"USA",,"Pahokee","PHK","Pahokee Airport"
"USA","TX","Palacios","PSX","Palacios Muni"
"USA","FL","West Palm Beach","LNA","Palm Beach Co Park"
"USA","FL","West Palm Beach","PBI","Palm Beach Intl"
"USA","CA","Palm Springs","PSP","Palm Springs Intl"
"USA","CA","Palmdale","PMD","Palmdale Rgnl Usaf Plt 42"
"USA","AK","Palmer","PAQ","Palmer Muni"
"USA","FL","Panama City","PFN","Panama City Bay Co Intl"
"USA","FL","Panama City","ECP","Panama City-NW Florida Bea."
"USA","WA","Wenatchee","EAT","Pangborn Field"
"USA","UT","Park City",,"Park City"
"USA","FL","Coco Beach","COF","Patrick Afb"
"USA","MD","Patuxent River","NHK","Patuxent River Nas"
"USA","NH","Portsmouth","PSM","Pease International Tradeport"
"USA","AK","Pedro Bay","PDB","Pedro Bay Airport"
"USA",,"Pelican","PEC","Pelican Seaplane Base"
"USA","MI","Pellston","PLN","Pellston Regional Airport of Emmet County Airport"
"USA","ND","Pembina","PMB","Pembina Muni"
"USA","MD","Baltimore","ZBP","Penn Station"
"USA","NY","New York","ZYP","Penn Station"
"USA","FL","Pensacola","NPA","Pensacola Nas"
"USA","FL","Pensacola","PNS","Pensacola Rgnl"
"USA","IL","Peoria","PIA","Peoria Regional"
"USA","FL","Perry","40J","Perry-Foley Airport"
"USA",,"Perryville","KPV","Perryville Airport"
"USA","AK","Petersburg","PSG","Petersburg James A. Johnson"
"USA","PA","Philadelphia","ZFV","Philadelphia 30th St Station"
"USA","PA","Philadelphia","PHL","Philadelphia Intl"
"USA","KS","Topeka","TOP","Philip Billard Muni"
"USA","MD","Aberdeen","APG","Phillips Aaf"
"USA","AZ","Goodyear",,"Phoenix Goodyear"
"USA","AZ","Phoenix","PHX","Phoenix Sky Harbor Intl"
"USA","AZ","Mesa","AZA","Phoenix-Mesa Gateway"
"USA","NC","Greensboro","GSO","Piedmont Triad"
"USA","SD","Pierre","PIR","Pierre Regional Airport"
"USA","KY","Pikeville","PBX","Pike County Airport - Hatcher Field"
"USA","AK","Pilot Point","PIP","Pilot Point Airport"
"USA","AK","Pilot Station","PQS","Pilot Station Airport"
"USA","NC","Greenville","PGV","Pitt-Greenville Airport"
"USA","PA","Pittsburgh (pennsylva)","PIT","Pittsburgh Intl"
"USA","GA","Sylvania","JYL","Plantation Airpark"
"USA",,"Port Moller","PTU","Platinum"
"USA","NY","Plattsburgh","PBG","Plattsburgh Intl"
"USA","MA","Plymouth","PYM","Plymouth Municipal Airport"
"USA","ID","Pocatello","PIH","Pocatello Regional Airport"
"USA",,"Point Baker","KPB","Point Baker Seaplane Base"
"USA","AK","Point Hope","PHO","Point Hope Airport"
"USA","AK","Point Lay","PIZ","Point Lay Lrrs"
"USA","CA","Point Mugu","NTD","Point Mugu Nas"
"USA","WA","Point Roberts","1RL","Point Roberts Airpark"
"USA","LA","Fort Polk","POE","Polk Aaf"
"USA","GA","Cedartown","4A4","Polk County Airport - Cornelius Moore Field"
"USA","FL","Pompano Beach","PMP","Pompano Beach Airpark"
"USA","OK","Ponca City","PNC","Ponca City Rgnl"
"USA","NC","Fayetteville","POB","Pope Afb"
"USA","WA","Port Angeles","NOW","Port Angeles Cgas"
"USA","NY","New York",,"Port Authority Bus Terminal"
"USA","AK","Port Bailey","KPY","Port Bailey Seaplane Base"
"USA","AK","Port Clarence","KPC","Port Clarence Coast Guard Station"
"USA","OH","Columbus","CMH","Port Columbus Intl"
"USA","AK","Port Heiden","PTH","Port Heiden Airport"
"USA","AK","Port Lions","ORI","Port Lions Airport"
"USA","AK","Cold Bay","PML","Port Moller Airport"
"USA","TX","Port O\\\\'Connor","S46","Port O\\\\'Connor Airfield"
"USA","AK","Port Protection","PPV","Port Protection Seaplane Base"
"USA",,"Port Williams","KPR","Port Williams Seaplane Base"
"USA","WI","Portage","C47","Portage Municipal Airport"
"USA","IN","Valparaiso","NPZ","Porter County Municipal Airport"
"USA","OR","Hillsboro","HIO","Portland Hillsboro"
"USA","OR","Portland","PDX","Portland Intl"
"USA","ME","Portland","PWM","Portland Intl Jetport"
"USA","OR","Troutdale","TTD","Portland Troutdale"
"USA","OR","Portland",,"Portland Union Station"
"USA","MN","Princeton","PNM","Princeton Muni"
"USA","OR","Prineville",,"Prineville Airport"
"USA","AK","Prospect Creek","PPC","Prospect Creek Airport"
"USA","MA","Provincetown","PVC","Provincetown Muni"
"USA","UT","Provo","PVU","Provo Municipal Airport"
"USA","CO","Pueblo Memorial","PUB","Pueblo Mem"
"USA","WA","Pullman","PUW","Pullman-Moscow Rgnl"
"USA","IN","Lafayette","LAF","Purude University Airport"
"USA","OH","Put-in-Bay","3W2","Put-in-Bay Airport"
"USA","IN","Greencastle","4I7","Putnam County Airport"
"USA","IL","Moline","MLI","Quad City Intl"
"USA","VA","Quantico","NYG","Quantico Mcaf"
"USA","FL","Quincy","2J9","Quincy Municipal Airport"
"USA","IL","Quincy","UIN","Quincy Regional Baldwin Field"
"USA","AK","Quinhagak","KWN","Quinhagak Airport"
"USA","RI","North Kingstown","OQU","Quonset State Airport"
"USA","WV","Beckley","BKW","Raleigh County Memorial Airport"
"USA","NC","Raleigh-durham","RDU","Raleigh Durham Intl"
"USA",,"Kotzebue","OTZ","Ralph Wien Mem"
"USA","AK","Rampart","RMP","Rampart Airport"
"USA","CA","Rancho Murieta","RIU","Rancho Murieta"
"USA","TX","San Antonio","RND","Randolph Afb"
"USA","SD","Rapid City","RAP","Rapid City Regional Airport"
"USA","WY","Rawlins","RWL","Rawlins Municipal Airport-Harvey Field"
"USA","PA","Reading","RDG","Reading Regional Carl A Spaatz Field"
"USA","CA","Red Bluff",,"Red Bluff Municipal Airport"
"USA","AK","Red Devil","RDV","Red Devil Airport"
"USA","CA","Redding","RDD","Redding Muni"
"USA","AL","Redstone","HUA","Redstone Aaf"
"USA","KS","Goodland","GLD","Renner Fld"
"USA","NV","Reno",,"Reno Amtrak Station"
"USA","NV","Reno","RNO","Reno Tahoe Intl"
"USA","NY","Farmingdale",,"Republic Airport"
"USA","WI","Rhinelander","RHI","Rhinelander Oneida County Airport"
"USA","GA","Rome","RMG","Richard B Russell Airport"
"USA","OK","Tulsa","RVS","Richard Lloyd Jones Jr Airport"
"USA","UT","Richfield","RIF","Richfield Minicipal Airport"
"USA","VA","Richmond","RIC","Richmond Intl"
"USA","IN","Richmond","RID","Richmond Municipal Airport"
"USA","TX","Amarillo","AMA","Rick Husband Amarillo Intl"
"USA","OH","Columbus","LCK","Rickenbacker Intl"
"USA","CA","Riverside","RAL","Riverside Muni"
"USA","WY","Riverton WY","RIW","Riverton Regional"
"USA","VA","Roanoke VA","ROA","Roanoke Regional"
"USA","AK","Noorvik","ORV","Robert Curtis Memorial Airport"
"USA","TX","Killeen","GRK","Robert Gray Aaf"
"USA","OR","Redmond-Bend","RDM","Roberts Fld"
"USA","GA","Macon","WRB","Robins Afb"
"USA","AR","Robinson","RBM","Robinson Aaf"
"USA","CA02","Roche Harbor","RCE","Roche Harbor Seaplane Base"
"USA","MN","Rochester","RST","Rochester"
"USA","SC","Rock Hill","RKH","Rock Hill York Co Bryant Airport"
"USA","WY","Rock Springs","RKS","Rock Springs Sweetwater County Airport"
"USA","NC","Rocky Mount","RWI","Rocky Mount Wilson Regional Airport"
"USA","CO","Broomfield-CO","BJC","Rocky Mountain Metropolitan Airport"
"USA","OR","Medford","MFR","Rogue Valley Intl Medford"
"USA","VA","Washington","DCA","Ronald Reagan Washington Natl"
"USA",,"Rosario","RSJ","Rosario Seaplane Base"
"USA","MI","Houghton Lake","HTL","Roscommon Co"
"USA","MO","Rosecrans","STJ","Rosecrans Mem"
"USA","NM","Roswell","ROW","Roswell Intl Air Center"
"USA","KY","Null",,"Rough River State Park"
"USA","AK","Ruby","RBY","Ruby Airport"
"USA","AK","Russian Mission","RSH","Russian Mission Airport"
"USA","VT","Rutland","RUT","Rutland State Airport"
"USA","CA","Sacramento",,"Sacramento Amtrak Station"
"USA","CA","Sacramento","SAC","Sacramento Executive"
"USA","CA","Sacramento","SMF","Sacramento Intl"
"USA","CA","Sacramento","MHR","Sacramento Mather"
"USA","MN","Saint Cloud","STC","Saint Cloud Regional Airport"
"USA","KS","Salina","SLN","Salina Municipal Airport"
"USA","MD","Salisbury","SBY","Salisbury Ocean City Wicomico Rgnl"
"USA","UT","Salt Lake City","SLC","Salt Lake City Intl"
"USA","TX","San Angelo","SJT","San Angelo Rgnl Mathis Fld"
"USA","TX","San Antonio","SAT","San Antonio Intl"
"USA","CA","San Bernardino","SBD","San Bernardino International Airport"
"USA","CA","San Carlos","SQL","San Carlos Airport"
"USA","CA","San Clemente Island",,"San Clemente Island Nalf"
"USA","CA","San Diego","SAN","San Diego Intl"
"USA","CA","San Francisco","SFO","San Francisco Intl"
"USA",,"San Juan","WSJ","San Juan - Uganik Seaplane Base"
"USA","CA","San Luis Obispo","SBP","San Luis County Regional Airport"
"USA","CO","Alamosa","ALS","San Luis Valley Regional Airport"
"USA","CA","San Nicolas Island",,"San Nicolas Island Nolf"
"USA",,"Sand Point","SDP","Sand Point Airport"
"USA","ME","Sanford ME","SFM","Sanford Regional"
"USA","CA","Santa Barbara","SBA","Santa Barbara Muni"
"USA","NM","Santa Fe","SAF","Santa Fe Muni"
"USA","CA","Santa Maria","SMX","Santa Maria Pub Cpt G Allan Hancock Airport"
"USA","CA","Santa Monica","SMO","Santa Monica Municipal Airport"
"USA","FL","Sarasota","SRQ","Sarasota Bradenton Intl"
"USA","GA","Savannah",,"Savannah Cruise Terminal"
"USA","GA","Savannah","SAV","Savannah Hilton Head Intl"
"USA","AK","Savoonga","SVA","Savoonga Airport"
"USA","MI","Marquette","MQT","Sawyer International Airport"
"USA","MI","Gwinn",,"Sawyer Intl"
"USA","AK","Scammon Bay","SCM","Scammon Bay Airport"
"USA","OR","San Luis","SPB","Scappoose Industrial Airpark"
"USA","TX","Galveston","GLS","Scholes Intl At Galveston"
"USA","IL","Belleville","BLV","Scott Afb Midamerica"
"USA","AZ","Scottsdale","ZSY","Scottsdale Airport"
"USA","AK","Seal Bay","SYB","Seal Bay Seaplane Base"
"USA","WA","Seattle",,"Seattle Cruise Terminal"
"USA",,"Seattle WA",,"Seattle Cruise Terminal"
"USA","WA","Seattle",,"Seattle King Street Station"
"USA",,"Seattle",,"Seattle Pier 52"
"USA","WA","Seattle","SEA","Seattle Tacoma Intl"
"USA","AZ","Sedona","SDX","Sedona"
"USA","AK","Selawik","WLK","Selawik Airport"
"USA","MI","Mount Clemens","MTC","Selfridge Angb"
"USA","AK","Seward","SWD","Seward Airport"
"USA","AK","Seward Alaska",,"Seward Train Station"
"USA","NC","Goldsboro","GSB","Seymour Johnson Afb"
"USA","AK","Shageluk","SHX","Shageluk Airport"
"USA","AK","Shaktoolik","SKK","Shaktoolik Airport"
"USA","SC","Sumter","SSC","Shaw Afb"
"USA","AL","Alabaster","EET","Shelby County Airport"
"USA","AK","Nunam Iqua","SXP","Sheldon Point Airport"
"USA","VA","Weyers Cave","SHD","Shenandoah Valley Regional Airport"
"USA","TX","Wichita Falls","SPS","Sheppard Afb Wichita Falls Muni"
"USA","WY","Sheridan","SHR","Sheridan County Airport"
"USA","KS","Fort Leavenworth","FLV","Sherman Aaf"
"USA","AK","Shishmaref","SHH","Shishmaref Airport"
"USA","WY","SARATOGA","SAA","Shively Field Airport"
"USA","PA","Stewartstown","0P2","Shoestring Aviation Airfield"
"USA","AZ","Show Low","SOW","Show Low Regional Airport"
"USA","LA","Shreveport","SHV","Shreveport Rgnl"
"USA","AK","Shungnak","SHG","Shungnak Airport"
"USA","MT","Sidney","SDY","Sidney-Richland Municipal Airport"
"USA","NM","Ruidoso","SRR","Sierra Blanca Regional Airport"
"USA","AZ","Fort Huachuca","FHU","Sierra Vista Muni Libby Aaf"
"USA","NV","Silver Springs","SPZ","Silver Springs Airport"
"USA","CO","Silverton",,"Silverton"
"USA","SD","Sioux Falls","FSD","Sioux Falls"
"USA","IA","Sioux City","SUX","Sioux Gateway Col Bud Day Fld"
"USA",,"Sitka","SIT","Sitka Rocky Gutierrez"
"USA","AK","Skagway","SGY","Skagway Airport"
"USA","AK","Skagway",,"Skagway Cruise Pier"
"USA","AZ","Carefree",,"Sky Ranch at Carefree"
"USA","AK","Sleetmute","SLQ","Sleetmute Airport"
"USA","ND","Williston","ISN","Sloulin Fld Intl"
"USA","IN","Fort Wayne IN","SMD","Smith Fld"
"USA","NC","Winston-salem","INT","Smith Reynolds"
"USA","TN","Smyrna",,"Smyrna Airport"
"USA","WA","Everett","PAE","Snohomish Co"
"USA","AK","Soldotna","SXQ","Soldotna Airport"
"USA","AR","El Dorado","ELD","South Arkansas Rgnl At Goodwin Fld"
"USA","IN","South Bend","SBN","South Bend Rgnl"
"USA","AK","South Naknek","WSN","South Naknek Airport"
"USA","IA","Burlington","BRL","Southeast Iowa Regional Airport"
"USA","TX","Beaumont","BPT","Southeast Texas Rgnl"
"USA","CA","Victorville","VCV","Southern California Logistics"
"USA","WI","Janesville","JVL","Southern Wisconsin Regional Airport"
"USA","FL","Fort Myers","RSW","Southwest Florida Intl"
"USA","GA","Albany","ABY","Southwest Georgia Regional Airport"
"USA","MI","Benton Harbor","BEH","Southwest Michigan Regional Airport"
"USA","OR","North Bend","OTH","Southwest Oregon Regional Airport"
"USA","AK","Sparrevohn","SVW","Sparrevohn Lrrs"
"USA","IA","Spencer","SPW","Spencer Muni"
"USA","MO","Null","SUS","Spirit Of St Louis"
"USA","WA","Spokane","GEG","Spokane Intl"
"USA","MO","Springfield","SGF","Springfield Branson Natl"
"USA","IL","Springfield",,"Springfield IL Amtrak"
"USA","OH","Springfield","SGH","Springfield-Beckly Municipal Airport"
"USA","MI","Port Huron","PHN","St Clair Co Intl"
"USA","AK","Point Barrow","PBV","St George"
"USA","UT","Saint George","SGU","St George Muni"
"USA","FL","Fort Pierce","FRP","St Lucie County International Airport"
"USA","AK","St Mary's","KSM","St Marys Airport"
"USA","AK","St. Paul Island","SNP","St Paul Island"
"USA","FL","St. Petersburg","PIE","St Petersburg Clearwater Intl"
"USA","FL","St. Augustine Airport","UST","St. Augustine Airport"
"USA","FL","St. Augustine","SGJ","St. Augustine Airport"
"USA","AK","St. George","STG","St. George Airport"
"USA","MO","St. Louis",,"St. Louis Amtrak - old"
"USA","IL","East St. Louis","CPS","St. Louis Downtown Airport"
"USA","AK","St. Michael","SMK","St. Michael Airport"
"USA","CT","Stamford","ZTF","Stamford Amtrak Station"
"USA","CO","Denver",,"Stapleton"
"USA","CO","Steamboat Springs","SBS","Steamboat Springs Airport-Bob Adams Field"
"USA","AK","Stebbins","WBB","Stebbins Airport"
"USA","TX","Breckenridge","BKD","Stephens Co"
"USA","CO","Sterling","STK","Sterling Municipal Airport"
"USA","NY","Newburgh","SWF","Stewart Intl"
"USA","GA","Villa Rica",,"Stockmar Airport"
"USA","CA","Stockton","SCK","Stockton Metropolitan"
"USA","AK","Stony River","SRV","Stony River 2 Airport"
"USA","NY","Scotia NY","SCH","Stratton ANGB - Schenectady County Airpor"
"USA","TX","Sugar Land","SGR","Sugar Land Regional Airport"
"USA","DE","Georgetown","GED","Sussex Co"
"USA","FL","Live Oak","24J","Suwannee County Airport"
"USA","NY","Syracuse","SYR","Syracuse Hancock Intl"
"USA","AK","Takotna","TCT","Takotna Airport"
"USA","AK","Talkeetna","TKA","Talkeetna"
"USA","FL","Tallahassee","TLH","Tallahassee Rgnl"
"USA","FL","Tampa","VDF","Tampa Executive Airport"
"USA","FL","Tampa","TPA","Tampa Intl"
"USA","AK","Tanana","TAL","Tanana Airport"
"USA","AK","Tatalina","TLJ","Tatalina Lrrs"
"USA","AK","Tatitlek","TEK","Tatitlek Airport"
"USA","MA","Taunton","TAN","Taunton Municipal Airport - King Field"
"USA","AK","Anchorage","ANC","Ted Stevens Anchorage Intl"
"USA","AK","Teller","TLA","Teller Airport"
"USA","CO","Telluride","TEX","Telluride"
"USA","AK","Tenakee Springs","TKE","Tenakee Seaplane Base"
"USA","IN","Terre Haute","HUF","Terre Haute Intl Hulman Fld"
"USA","NJ","Teterboro","TEB","Teterboro"
"USA","AR","Texarkana","TXK","Texarkana Rgnl Webb Fld"
"USA","RI","Providence","PVD","Theodore Francis Green State"
"USA","MN","Thief River Falls","TVF","Thief River Falls"
"USA","GA","Thomasville","TVI","Thomasville Regional Airport"
"USA",,"Thorne Bay","KTB","Thorne Bay Seaplane Base"
"USA","OR","Tillamook",,"Tillamook Airport"
"USA","AK","Tin City","TNC","Tin City LRRS Airport"
"USA","OK","Oklahoma City","TIK","Tinker Afb"
"USA","MD","Fort Meade","FME","Tipton"
"USA","GA","Toccoa","TOC","Toccoa RG Letourneau Field Airport"
"USA","AK","Togiak Village","TOG","Togiak Airport"
"USA","AK","Tok","6K8","Tok Junction Airport"
"USA","AK","Toksook Bay","OOK","Toksook Bay Airport"
"USA","OH","Toledo","TOL","Toledo"
"USA","NV","Tonopah","TNX","Tonopah Test Range"
"USA","VA","Richmond","ZRD","Train Station"
"USA","CA","Fairfield","SUU","Travis Afb"
"USA","NJ","Trenton",,"Trenton Amtrak Station"
"USA","NJ","Trenton","TTN","Trenton Mercer"
"USA","WA","Pasco","PSC","Tri Cities Airport"
"USA","WV","Huntington","HTS","Tri State Milton J Ferguson Field"
"USA","TN","BRISTOL","TRI","Tri-Cities Regional Airport"
"USA","CA","Truckee","...","Truckee-Tahoe Airport"
"USA","NM","Truth Or Consequences","TCS","Truth Or Consequences Muni"
"USA","TX","Waco","CNW","Tstc Waco"
"USA","AZ","Tucson","TUS","Tucson Intl"
"USA","NM","Tucumcari","TCC","Tucumcari Muni"
"USA","MI","Holland","BIV","Tulip City Airport"
"USA","OK","Tulsa","TUL","Tulsa Intl"
"USA","AK","Tuluksak","TLT","Tuluksak Airport"
"USA","MS","Tunica","UTM","Tunica Municipal Airport"
"USA","AK","Tuntutuliak","WTL","Tuntutuliak Airport"
"USA","AK","Tununak","TNK","Tununak Airport"
"USA","MS","Tupelo","TUP","Tupelo Regional Airport"
"USA","AL","Tuscaloosa AL","TCL","Tuscaloosa Rgnl"
"USA","CT","New Haven","HVN","Tweed-New Haven Airport"
"USA","CA","Twenty Nine Palms","NXP","Twentynine Palms Eaf"
"USA","AK","Twin Hills","TWA","Twin Hills Airport"
"USA","TX","Tyler","TYR","Tyler Pounds Rgnl"
"USA","FL","Panama City","PAM","Tyndall Afb"
"USA","AK","Tyonek","TYE","Tyonek Airport"
"USA","AK","Kuparuk","UUK","Ugnu-Kuparuk Airport"
"USA","AK","Unalakleet","UNK","Unalakleet Airport"
"USA",,"Unalaska","DUT","Unalaska"
"USA","PA","State College Pennsylvania","SCE","University Park Airport"
"USA","HI","Opolu","UPP","Upolu"
"USA","AK","Valdez","VDZ","Valdez Pioneer Fld"
"USA","GA","Valdosta","VLD","Valdosta Regional Airport"
"USA","TX","Harlingen","HRL","Valley Intl"
"USA","CA","Van Nuys","VNY","Van Nuys"
"USA","OK","Enid","END","Vance Afb"
"USA","CA","Lompoc","VBG","Vandenberg Afb"
"USA","AK","Venetie","VEE","Venetie Airport"
"USA","FL","Venice",,"Venice Municipal"
"USA","CA","Ventura",,"Ventura Amtrak"
"USA","UT","Vernal","VEL","Vernal Regional Airport"
"USA","FL","Vero Beach","VRB","Vero Beach Muni"
"USA","TX","Victoria","VCT","Victoria Regional Airport"
"USA","CA","Visalia","VIS","Visalia Municipal Airport"
"USA","WI","Camp Douglas","VOK","Volk Fld"
"USA","TX","Waco","ACT","Waco Rgnl"
"USA","HI","Waikoloa Village","WKL","Waikoloa Heliport"
"USA","HI","Kamuela","MUE","Waimea Kohala"
"USA","AK","Wainwright","AIN","Wainwright Airport"
"USA","AK","Fort Wainwright","K03","Wainwright As"
"USA","AK","Wales","WAA","Wales Airport"
"USA","NY","New York","JRB","Wall Street Heliport"
"USA","WA","Walla Walla","ALW","Walla Walla Regional Airport"
"USA","VA","Wallops Island","WAL","Wallops Flight Facility"
"USA","VA","Washington","IAD","Washington Dulles Intl"
"USA","DC","Washington","ZWU","Washington Union Station"
"USA","CT","Oxford","OXC","Waterbury-Oxford Airport"
"USA","IA","Waterloo","ALO","Waterloo Regional Airport"
"USA","NY","Watertown","ART","Watertown Intl"
"USA","SD","Watertown","ATY","Watertown Regional Airport"
"USA","IL","Chicago","UGN","Waukegan Rgnl"
"USA","WI","Waukesha","UES","Waukesha County Airport"
"USA","WI","Wausau","AUW","Wausau Downtown Airport"
"USA","MO","Fort Leonardwood","TBN","Waynesville Rgnl Arpt At Forney Fld"
"USA","MI","Beaver Island","6Y8","Welke Airport"
"USA","KS","Wellington","EGT","Wellington Municipal"
"USA","UT","Wendover","ENV","Wendover"
"USA","NY","New York","JRA","West 30th St. Heliport"
"USA","GA","Carrollton","CTJ","West Georgia Regional Airport - O V Gray Field"
"USA","TX","Houston","IWS","West Houston"
"USA","AK","West Point","KWP","West Point Village Seaplane Base"
"USA","NY","White Plains","HPN","Westchester Co"
"USA","RI","Washington County",,"Westerly State Airport"
"USA","NE","Scottsbluff","BFF","Western Nebraska Regional Airport"
"USA","MA","Chicopee Falls","CEF","Westover Arb Metropolitan"
"USA","NY","Westport",,"Westport Amtrak Station"
"USA","WA","Westsound","WSX","Westsound Seaplane Base"
"USA","HI","Wheeler Afb.","HHI","Wheeler Aaf"
"USA","NY","Fort Drum","GTB","Wheeler Sack Aaf"
"USA","WV","Wheeling","HLG","Wheeling Ohio County Airport"
"USA","WA","Whidbey Island","NUW","Whidbey Island Nas"
"USA","AK","White Mountain","WMO","White Mountain Airport"
"USA","MO","Knobnoster","SZL","Whiteman Afb"
"USA","CA","Los Angeles","WHP","Whiteman Airport"
"USA","FL","Milton","NSE","Whiting Fld Nas North"
"USA","AK","Whittier",,"Whittier Airport"
"USA","KS","Wichita","ICT","Wichita Mid Continent"
"USA","AK","Barrow","BRW","Wiley Post Will Rogers Mem"
"USA","PA","Scranton","AVP","Wilkes Barre Scranton Intl"
"USA","OK","Oklahoma City","OKC","Will Rogers World"
"USA","TX","Houston","HOU","William P Hobby"
"USA","WA","Port Angeles","CLM","William R Fairchild International Airport"
"USA","IL","Marion","MWA","Williamson Country Regional Airport"
"USA","PA","Williamsport","IPT","Williamsport Rgnl"
"USA","PA","Willow Grove","NXX","Willow Grove Nas Jrb"
"USA","MI","Detroit","YIP","Willow Run"
"USA","OH","Wilmington","ILN","Wilmington Airborne Airpark"
"USA","NC","Wilmington","ILM","Wilmington Intl"
"USA","CT","Willimantic","IJD","Windham Airport"
"USA","TX","Wink","INK","Winkler Co"
"USA","AZ","Winslow","INW","Winslow-Lindbergh Regional Airport"
"USA","WA","Wishram",,"Wishram Train Station"
"USA","FL","Stuart","SUA","Witham Field Airport"
"USA","WI","Oshkosh","OSH","Wittman Regional Airport"
"USA","MT","Glasgow","GGW","Wokal Field Glasgow International Airport"
"USA","MA","Worcester","ORH","Worcester Regional Airport"
"USA","WY","Worland","WRL","Worland Municipal Airport"
"USA","AK","Wrangell","WRG","Wrangell Airport"
"USA","GA","Wright",,"Wright Aaf"
"USA","OH","Dayton","FFO","Wright Patterson Afb"
"USA","IL","Chicago",,"Wrigleyville"
"USA","AK","Yakataga","CYT","Yakataga Airport"
"USA","WA","Yakima","YKM","Yakima Air Terminal McAllister Field"
"USA",,"Yakutat","YAK","Yakutat"
"USA","CO","Hayden","HDN","Yampa Valley"
"USA","WV","Charleston","CRW","Yeager"
"USA","MT","West Yellowstone","WYS","Yellowstone Airport"
"USA","WY","Cody","COD","Yellowstone Rgnl"
"USA","CA","Davis-Woodland-Winters","DWA","Yolo County Airport"
"USA","OH","Youngstown","YNG","Youngstown Warren Rgnl"
"USA","CA","Yuba City","MYV","Yuba County Airport"
"USA","AZ","Yuma","YUM","Yuma Mcas Yuma Intl"
"USA",,"Zachar Bay","KZB","Zachar Bay Seaplane Base"
"USA","CA","Torrance","TOA","Zamperini Field Airport"
